"id_barang";"nama_barang";"stok";"id_satuan";"id_jenis";"foto"
"BRG-0001";"Teh Pucuk Harum";"0";"2";"1";"d4f130cc51185c56c9effcfa0b4a30a0.jpg"
"BRG-0002";"Aqua";"0";"1";"1";"aqua.jpg"
"BRG-0003";"ari";"20";"4";"1";"foto_3x4-min.jpg"
"id_barang_keluar";"Mat_Code";"id_user";"jumlah_keluar";"tgl_keluar"
"BRG-K-0001";"40000710";"USR-001";"20";"2020-09-15"
"BRG-K-0002";"40000710";"USR-002";"150";"2023-02-26"
"BRG-K-0003";"40000710";"Aldo";"30";"2023-02-27"
"id_barang_masuk";"Mat_Code";"id_user";"jumlah_masuk";"tgl_masuk"
"BRG-M-0002";"40000046";"USR-0-4";"1";"2023-02-26"
"BRG-M-0003";"40000710";"USR-0-4";"100";"2023-02-26"
"BRG-M-0004";"222";;"0";"2023-02-26"
"BRG-M-0005";"2222";;"0";"2023-02-26"
"BRG-M-0006";;;"0";"2023-02-26"
"id_jenis";"nama_jenis";"ket"
"1";"Minuman";
"3";"Kemasan";
"id_satuan";"nama_satuan";"ket"
"1";"Box";
"2";"Unit";
"4";"Pack";
"Mat_Code";"Material_Description";"UOM";"Location";"Stock"
"40000046";"MFO";"L";"STORAGE TANK";"0"
"40000576";"Acetylene gas bottle";"BT";"TUBE 02";"0"
"40000710";"Aluminium anode V&W    ";"PC";"A6.02";"0"
"80000002";"MECH SEAL 102AGT06";"EA";"R07.B3.03";"0"
"80000003";"MECH SEAL 102AGT07";"EA";"R07.B3.03";"0"
"80000004";"MECH SEAL 108AGT07";"EA";"R07.B3.03";"0"
"80000008";"SEAL O-RING PN.1188706 - 136DG01/02";"EA";"R04.B3.03";"0"
"80000010";"BEARING 6313 M C3 SKF";"EA";"R02.B1.02";"0"
"80000012";"BEARING 6316 C3 VL0241";"EA";"R02.B1.02";"0"
"80000025";"GASKET-MOTOR PN.3998110 - 136DG01/02";"EA";"R04.B3.03";"0"
"80000027";"MECH SEAL 108AG13";"EA";"R07.B3.03";"0"
"80000033";"SIKA BOOM AP FC0943 @750ML";"EA";"Chem Storage";"0"
"80000037";"GEAR PUMP R25/20FL-Z-DB 101P01/03";"UN";"R08.B4.01";"0"
"80000073";"SHAFT AGITATO / MIXER PN.42 108AG07";"EA";"R09.B2.03";"0"
"80000090";"Bearing  6207 ZZ";"EA";"R02.B4.02";"0"
"80000091";"Bearing  6211 Z C3";"EA";"R02.B4.02";"0"
"80000092";"Bearing  6308 ZZ";"EA";"R02.B3.02";"0"
"80000093";"Bearing  6311 C3";"EA";"R02.B4.02";"0"
"80000094";"Bearing  6316/C3";"EA";"R02.B3.01";"0"
"80000095";"Bearing  6319/C3";"EA";"R02.B4.01";"0"
"80000097";"Bearing  6324/C3";"EA";"R02.B2.01";"0"
"80000098";"Bearing  NU 236E M1";"EA";"R02.B4.01";"0"
"80000100";"SEAL O-RING PN.8T5918 - 136DG01/02";"PC";"R04.B3.03";"0"
"80000147";"SPACER PN.64 SS316 - 112P07";"EA";"R05.B5.03";"0"
"80000148";"SPACER PN.64 SS316 - 112P16";"EA";"R05.B5.03";"0"
"80000154";"CYL.BOLT M10X20 (L101591) 101P02";"EA";"R08.B4.03";"0"
"80000155";"BOLT M10 X 20MM (L101591) 101P02";"EA";"R08.B4.04";"0"
"80000156";"BOLT M10 X 25MM (L101450) 101P02";"EA";"R08.B4.04";"0"
"80000166";"BOLT M6 X 40MM (L101468) 101P01/03";"EA";"R08.B4.04";"0"
"80000167";"CYL.BOLT M8X120 (L110048) 101P02";"EA";"R08.B4.03";"0"
"80000170";"BOLT M8 X 25MM (L101579) 101P02";"EA";"R08.B4.04";"0"
"80000181";"SEAL O-RING PN.2911911 - 136DG01/02";"PC";"R04.B3.03";"0"
"80000185";"SEAL O-RING PN.3756181 - 136DG01/02";"PC";"R04.B3.03";"0"
"80000187";"SEAL O-RING PN.2287088 - 136DG01/02";"PC";"R04.B3.03";"0"
"80000188";"SEAL O-RING PN.2594600 - 136DG01/02";"PC";"R04.B3.03";"0"
"80000189";"SEAL PN.6V3349 - 136DG01/02";"PC";"R04.B3.03";"0"
"80000204";"BEARING D55/120X43 (L111678) 101P02";"EA";"R08.B4.01";"0"
"80000205";"BEARING D80/170X58 (2001033) 101P01/03";"EA";"R02.B4.04";"0"
"80000206";"BEARING D65/140X33 (L111677) 101P02";"EA";"R08.B4.01";"0"
"80000227";"BEARING D160/270X86 (L112795) 101P01/03";"EA";"R02.B5.04";"0"
"80000228";"BEARING D170/280X88 (L112794) 101P01/03";"EA";"R02.B5.04";"0"
"80000229";"BEARING D80/170X58 (2001032) 101P01/03";"EA";"R02.B4.04";"0"
"80000230";"BEARING D40/60X7,5 (L106040) 101P02";"EA";"R08.B4.04";"0"
"80000231";"BEARING D60/85X8,8 (L109460) 101P01/03";"EA";"R08.B4.04";"0"
"80000232";"BEARING D120/215X76 (L111676) 101P02";"EA";"R02.B5.04";"0"
"80000233";"BEARING D130/230X64 (L108958) 101P02";"EA";"R08.B4.01";"0"
"80000234";"BEARING BUSH D42/52X48 (D227759) 101P02";"EA";"R08.B3.02";"0"
"80000235";"BUSH D272/296X62 (1462977) 101P01/03";"EA";"R08.B4.01";"0"
"80000236";"BUSH D56/70X60 (D227908) 101P01/03";"EA";"R08.B4.02";"0"
"80000237";"BUSH D80/105X18 (2001042) 101P01/03";"EA";"R08.B4.03";"0"
"80000238";"BUSH D84/99X30 (1395441) 101P01/03";"EA";"R08.B4.02";"0"
"80000253";"BUTT VLV DN250 DISC CF8 FLANGE ARITA";"EA";"R21.B2.02";"0"
"80000339";"""SORF FLANGE 8"""" CL150 SS304L""";"EA";"A9.07";"0"
"80000340";"""B.VALVE 8"""" CL150 FERF SS304L""";"EA";"FL 03";"0"
"80000348";"CIRCLIP B100 (L113070) 101P01/03";"EA";"R08.B4.03";"0"
"80000349";"CIRCLIP B95 (L112409) 101P02";"EA";"R08.B4.03";"0"
"80000350";"CIRCLIP D24X3 (E153641) 101P02";"EA";"R08.B4.03";"0"
"80000351";"CIRCLIP D34X5 (E142304) 101P01/03";"EA";"R08.B4.03";"0"
"80000352";"CORE AS-OCLR PN.4910364 - 136DG01/02";"EA";"R04.B1.01";"0"
"80000354";"SEAL-O-RING PN.2154639 - 136DG01/02";"EA";"R04.B3.03";"0"
"80000355";"SEAL-O-RING PN.2287099 - 136DG01/02";"EA";"R04.B3.03";"0"
"80000356";"SEAL-O-RING PN.2287101 - 136DG01/02";"EA";"R04.B3.03";"0"
"80000357";"SEAL-O-RING PN.2287102 - 136DG01/02";"EA";"R04.B3.03";"0"
"80000360";"SEAL-O-RING PN.2287103 - 136DG01/02";"EA";"R04.B3.03";"0"
"80000361";"SEAL-O-RING PN.2287105 - 136DG01/02";"EA";"R04.B3.03";"0"
"80000362";"SEAL-O-RING PN.2287106 - 136DG01/02";"EA";"R04.B3.03";"0"
"80000364";"SPRING D32/3,6X70X9,5 (E178698) 101P02";"EA";"R08.B4.03";"0"
"80000365";"""PIPE 1"""" X 6M PN10 GRP""";"EA";"FL 05";"0"
"80000366";"""PIPE 1-1/2"""" X 6M PN10 GRP""";"EA";"FL.05";"0"
"80000367";"""PIPE 4"""" X 6M PN10 GRP""";"EA";"FL.05";"0"
"80000368";"""PIPE 3"""" X 6M PN10 GRP""";"EA";"FL 05";"0"
"80000369";"""ELBOW 90° 3"""" PN10 GRP""";"EA";"R34.B6.02";"0"
"80000370";"""ELBOW 90° 1-1/2"""" PN10 GRP""";"EA";"R34.B6.02";"0"
"80000371";"""ELBOW 90° 4"""" PN10 GRP""";"EA";"R34.B6.02";"0"
"80000372";"""SOCKOLET 1"""" PN10 GRP""";"EA";"R34.B6.02";"0"
"80000373";"""STUB END FLANGE 3"""" CL150 FF GRP""";"EA";"R34.B6.02";"0"
"80000374";"""STUB END FLANGE 4"""" CL150 FF GRP""";"EA";"R34.B6.02";"0"
"80000375";"""STUB END FLANGE 1"""" CL150 FF GRP""";"EA";"R34.B6.02";"0"
"80000376";"""STUB END FLANGE 1-1/2"""" CL150 FF GRP""";"EA";"R34.B6.02";"0"
"80000377";"""TEE 3""""X3"""" PN10 GRP""";"EA";"R34.B6.02";"0"
"80000378";"""TEE 4""""X4"""" PN10 GRP""";"EA";"R34.B6.02";"0"
"80000379";"""CON.REDUCER 4""""X3"""" PN10 GRP""";"EA";"R34.B6.02";"0"
"80000381";"""CON.REDUCER 3""""X1-1/2"""" PN10 GRP""";"EA";"R34.B6.02";"0"
"80000385";"Coupling flender H125FK 102P05";"EA";"R09.B4.01";"0"
"80000387";"COUPLING N-EUPEX H180-140 FLENDER";"EA";"R09.B5.01";"0"
"80000389";"SEAL-O-RING PN.2287108 - 136DG01/02";"EA";"R04.B3.03";"0"
"80000391";"SEAL-O-RING PN.2287090 - 136DG01/02";"EA";"R04.B3.03";"0"
"80000392";"SEAL-O-RING PN.2697852 - 136DG01/02";"EA";"R04.B3.03";"0"
"80000393";"SEAL-O-RING PN.3170808 - 136DG01/02";"EA";"R04.B3.03";"0"
"80000394";"SEAL PN.8T9524 - 136DG01/02";"EA";"R04.B3.03";"0"
"80000395";"SEAL-O-RING PN.1234724 - 136DG01/02";"EA";"R04.B3.03";"0"
"80000421";"COUPLING RWN 228 BORE D1:78MM & D2:80MM";"EA";"R09.B3.01";"0"
"80000422";"SEAL-O-RING PN.2287089 - 136DG01/02";"EA";"R04.B3.03";"0"
"80000435";"CROSS HEAD D105X120 (C207182) 101P02";"EA";"R08.B4.02";"0"
"80000436";"CROSS HEAD D130X155 (B207180) 101P01/03";"EA";"R08.B3.02";"0"
"80000437";"C.HEAD PIN D56/25X110(E141933) 101P01/03";"EA";"R08.B3.02";"0"
"80000438";"BOLT M8 X 16MM (L101476) 101P02";"EA";"R08.B4.04";"0"
"80000439";"DEFLECTOR D142/61X1,5(E164913) 101P01/03";"EA";"R08.B4.03";"0"
"80000447";"PAIR OFDISC M12 (B01-004/L109464) 101P02";"EA";"R08.B4.04";"0"
"80000449";"PAIR OFDISC M12 (B01-012/L109464) 101P02";"EA";"R08.B4.04";"0"
"80000465";"BREAHTER FILTER (50/L110854) 101P02";"EA";"R08.B4.04";"0"
"80000466";"FILTER OIL WD940 PB25 101P01/03";"EA";"R04.B4.03";"0"
"80000479";"""SORF FLANGE  1"""" CL150 A182 316L""";"EA";"A9.06";"0"
"80000481";"""SORF FLANGE  2"""" CL150 A182 316L""";"EA";"A9.06";"0"
"80000482";"""SORF FLANGE  3"""" CL150 A182 316L""";"EA";"A9.06";"0"
"80000487";"WNR FLANGE DN50 PN25 SS316L";"EA";"A8.03";"0"
"80000489";"""BLIND FLANGE 4"""" CL150 SCH40 RF SS316L""";"EA";"A9.07";"0"
"80000490";"""ECC REDUCER 3"""" X 2"""" SCH40 SMLS SS316L""";"EA";"A8.17";"0"
"80000491";"""STUD BOLT 5/8"""" X 6"""" C/W 2NUT HDG""";"EA";"A2.20";"0"
"80000492";"""B.VALVE 1/2"""" PN.SS-45XS8 SWAGELOK""";"EA";"R01.B2.02";"0"
"80000493";"""B.VALVE 1-1/2"""" 3PC CL1000 WOG BW SS316L""";"EA";"A7.17";"0"
"80000509";"""TEE REDUCER 4"""" X 3"""" SCH40 SMLS SS316L""";"EA";"A9.18";"0"
"80000511";"PUMP GP-WATER PN.416-0611 - 136DG01/02";"EA";"R05.B3.01";"0"
"80000512";"SEAL PN.271-4926 - 136DG01/02";"EA";"R04.B2.02";"0"
"80000513";"SEAL PN.271-4928 - 136DG01/02";"EA";"R04.B2.02";"0"
"80000514";"SEAL O-RING PN.3S-1223 - 136DG01/02";"EA";"R04.B2.02";"0"
"80000515";"RING AS PN.166-4374 - 136DG01/02";"EA";"R04.B2.02";"0"
"80000516";"SEAL GP PN.416-0603 - 136DG01/02";"EA";"R04.B2.02";"0"
"80000517";"SHAFT PUMP D PN.212-8180 - 136DG01/02";"EA";"R04.B2.02";"0"
"80000518";"SEAL-LIP TYPE PN.8C-5236 - 136DG01/02";"EA";"R04.B2.02";"0"
"80000519";"O-RING 50 X 3N - 122P03-05";"EA";"R14.B1.04";"0"
"80000529";"GASKET 160X48X2 (Z0090530) 101P01/03";"EA";"R08.B4.04";"0"
"80000530";"GASKET 227X161X1 (L34199) 101P01/03";"EA";"R08.B4.04";"0"
"80000532";"GASKET 340X340X1 (C196951) 101P02";"EA";"R08.B4.04";"0"
"80000533";"GASKET 420X420X1 (D213533) 101P01/03";"EA";"R08.B4.04";"0"
"80000534";"GASKET 476X342X1 (C196950) 101P02";"EA";"R08.B4.04";"0"
"80000536";"GASKET (C202227) 101P01/03";"EA";"R08.B4.04";"0"
"80000537";"GASKET 720X460X1 (1453729) 101P01/03";"EA";"R08.B4.04";"0"
"80000538";"GASKET D10/15X3 (L102339) 101P02";"EA";"R08.B4.03";"0"
"80000541";"GASKET D13/18X2 (L102215) 101P01/03";"EA";"R08.B4.03";"0"
"80000544";"GASKET D155/82X1 (E161687) 101P01/03";"EA";"R08.B4.04";"0"
"80000548";"GASKET D17/22X2 (L102235) 101P02";"EA";"R08.B4.03";"0"
"80000551";"GASKET D21/27X2 (L108804) 101P02";"EA";"R08.B4.03";"0"
"80000552";"GASKET D21/27X2,5 (L102275) 101P01/03";"EA";"R08.B4.04";"0"
"80000554";"GASKET D27/32X2 (L102311) 101P02";"EA";"R08.B4.03";"0"
"80000556";"GASKET D27/32X2 (L102311) 101P01/03";"EA";"R08.B4.03";"0"
"80000558";"GASKET D42/50X2 (L102381) 101P02";"EA";"R08.B4.03";"0"
"80000559";"GASKET D42/50X2 (L102381) 101P01/03";"EA";"R08.B4.03";"0"
"80000561";"GASKET D48/55X2 (L102391) 101P02";"EA";"R08.B4.03";"0"
"80000562";"GASKET D48/55X2 (L102391) 101P01/03";"EA";"R08.B4.03";"0"
"80000567";"GASKET D70/92X10,8 (1352616) 101P02";"EA";"R08.B4.03";"0"
"80000580";"SEAL-O-RING PN.9X7381 - 136DG01/02";"EA";"R04.B3.03";"0"
"80000581";"SEAL-O-RING PN.3303517 - 136DG01/02";"EA";"R04.B3.03";"0"
"80000582";"SEAL-O-RING PN.2287100 - 136DG01/02";"EA";"R04.B3.03";"0"
"80000585";"SEAL-O-RING PN.2385080 - 136DG01/02";"EA";"R04.B3.03";"0"
"80000586";"SEAL-O-RING PN.2385081 - 136DG01/02";"EA";"R04.B3.03";"0"
"80000587";"SEAL-O-RING PN.2287091 - 136DG01/02";"EA";"R04.B3.03";"0"
"80000588";"SEAL-O-RING PN.3P1156 - 136DG01/02";"EA";"R04.B3.03";"0"
"80000591";"SEAL-O-RING PN.5P9186 - 136DG01/02";"EA";"R04.B3.03";"0"
"80000592";"SEAL PN.8T1919 - 136DG01/02";"EA";"R04.B3.03";"0"
"80000595";"SEAL-O-RING PN.0951687 - 136DG01/02";"EA";"R04.B3.03";"0"
"80000596";"SEAL-O-RING PN.1853503 - 136DG01/02";"EA";"R04.B3.03";"0"
"80000597";"SEAL-O-RING PN.2287092 - 136DG01/02";"EA";"R04.B3.03";"0"
"80000599";"SEAL-O-RING PN.2287093 - 136DG01/02";"EA";"R04.B3.03";"0"
"80000600";"SEAL-O-RING PN.1J9671 - 136DG01/02";"EA";"R04.B3.03";"0"
"80000602";"SEAL-O-RING PN.2M9780 - 136DG01/02";"EA";"R04.B3.03";"0"
"80000603";"SEAL PN.2S4078 - 136DG01/02";"EA";"R04.B3.03";"0"
"80000604";"SEAL-O-RING PN.3D2824 - 136DG01/02";"EA";"R04.B3.03";"0"
"80000638";"""GL.VALVE 1"""" CL800 SW A216 CS""";"EA";"A6.31";"0"
"80000639";"""GL.VALVE 1/2"""" CL800 SW WCB""";"EA";"C54";"0"
"80000641";"""GL.VALVE 1-1/2"""" CL800 SW SS316L""";"PC";"A6.32";"0"
"80000643";"""GL.VALVE 2"""" CL800 SW WCB""";"EA";"A6.32";"0"
"80000647";"GL.VALVE DN15 PN10 MF FE WCB";"EA";"A7.14";"0"
"80000652";"GL.VALVE DN20 PN10 MF FE WCB";"EA";"A7.10";"0"
"80000822";"O-RING D13.94X2.62 (L102811) 101P01/03";"EA";"R08.B4.04";"0"
"80000823";"O-RING D18.72X2.62 (L102814) 101P01/03";"EA";"R08.B4.04";"0"
"80000825";"O-RING D82,14/3,53 (L104422) 101P01/03";"EA";"R08.B4.03";"0"
"80000845";"Pillow bearing P217";"EA";"R02.B1.01";"0"
"80000847";"CROSSHEAD PIN D42/20X88 (E134208) 101P02";"EA";"R08.B3.02";"0"
"80000855";"STRAIGHT PIN 10X24 (L108816) 101P01/03";"EA";"R08.B4.03";"0"
"80000876";"PLUNGER D75/28X305 (1346071) 101P02";"EA";"R08.B3.01";"0"
"80000877";"PLUNGER D80/40X355 (1395482) 101P01/03";"EA";"R08.B3.01";"0"
"80000885";"SEAL PN.3J1907 - 136DG01/02";"EA";"R04.B3.03";"0"
"80000886";"SEAL-O-RING PN.3J7354 - 136DG01/02";"EA";"R04.B3.03";"0"
"80000887";"SEAL PN.3K0360 - 136DG01/02";"EA";"R04.B3.03";"0"
"80000888";"SEAL-O-RING PN.4J0519 - 136DG01/02";"EA";"R04.B3.03";"0"
"80000890";"SEAL-O-RING PN.4J0520 - 136DG01/02";"EA";"R04.B3.03";"0"
"80000891";"SEAL-O-RING PN.4J0521 - 136DG01/02";"EA";"R04.B3.03";"0"
"80000892";"SEAL-O-RING PN.4J0522 - 136DG01/02";"EA";"R04.B3.03";"0"
"80000893";"Radial bearing 6313 inboard 105P30";"EA";"R02.B1.02";"0"
"80000917";"RING D112/148X9 (D217539) 101P02";"EA";"R08.B4.03";"0"
"80000918";"RING D120/185X10 (C196586) 101P02";"EA";"R08.B4.03";"0"
"80000919";"RING D190/260X10 (C196585) 101P02";"EA";"R08.B4.01";"0"
"80000921";"RING D245/325X10 (C201771) 101P01/03";"EA";"R08.B4.01";"0"
"80000922";"RING D28/38X10 (E153640) 101P02";"EA";"R08.B3.02";"0"
"80000923";"RING D40/57X17 (E154584) 101P01/03";"EA";"R08.B3.02";"0"
"80000924";"RING D75/87X6 (1345735) 101P02";"EA";"R08.B4.02";"0"
"80000925";"RING D80/92X6 (Z012864) 101P01/03";"EA";"R08.B4.02";"0"
"80000926";"RING D81/94X15 (1460914) 101P02";"EA";"R08.B4.02";"0"
"80000927";"RING D85/99X10 (E216952) 101P01/03";"EA";"R08.B4.02";"0"
"80000933";"GUIDE BUSH D75/102X61 (1346006) 101P02";"EA";"R08.B4.02";"0"
"80000944";"SNAP RING 42X1,75 (L108960) 101P02";"EA";"R08.B4.03";"0"
"80000945";"SNAP RING 56X2 (L108912) 101P01/03";"EA";"R08.B4.03";"0"
"80000947";"SNAP RING 60X2 (L100667) 101P02";"EA";"R08.B4.04";"0"
"80000953";"CAP SCREW M20X230 (L109396) 101P01/03";"EA";"R08.B4.04";"0"
"80000960";"HEX SCREW M10X110 (L101911) 101P02";"EA";"R08.B4.04";"0"
"80000965";"HEX SCREW M6X12 (L108366) 101P01/03";"EA";"R08.B4.04";"0"
"80000974";"OIL SEAL 105X130X13 (L103546) 101P01/03";"EA";"R01.B4.01";"0"
"80000975";"OIL SEAL 70X90X13 (L110948) 101P02";"EA";"R08.B4.03";"0"
"80001002";"PIN SHELL D110/141X72 (Z012309) 101P02";"EA";"R08.B4.01";"0"
"80001003";"PIN SHELL D145/182X92(1375294) 101P01/03";"EA";"R02.B4.04";"0"
"80001027";"SLEEVE D8/6X4 (E188021) 101P01/03";"EA";"R08.B4.03";"0"
"80001028";"SLEEVE D8/6X4 (E188021) 101P02";"EA";"R08.B4.03";"0"
"80001029";"SLEEVE D83,7/105/115X21 (L108961) 101P02";"EA";"R08.B4.03";"0"
"80001030";"SEAL-O-RING PN.4J0523 - 136DG01/02";"EA";"R04.B3.03";"0"
"80001031";"SEAL-O-RING PN.4J0524 - 136DG01/02";"EA";"R04.B3.03";"0"
"80001034";"SEAL-O-RING PN.4J0525 - 136DG01/02";"EA";"R04.B3.03";"0"
"80001035";"SEAL-O-RING PN.4K1388 - 136DG01/02";"EA";"R04.B3.03";"0"
"80001038";"SEAL-O-RING PN.5K9090 - 136DG01/02";"EA";"R04.B3.03";"0"
"80001041";"SEAL-O-RING PN.6K6307 - 136DG01/02";"EA";"R04.B3.03";"0"
"80001048";"SPRING D82,5/3,6X60X3,5 (1346378) 101P02";"EA";"R08.B4.03";"0"
"80001049";"SPRING D87/3,6X65X3,5(1396282) 101P01/03";"EA";"R08.B4.03";"0"
"80001050";"SPRING D88/5X76X3,5 (1290543) 101P02";"EA";"R08.B4.03";"0"
"80001051";"SPRING D92/5X80X3,5 (E178731) 101P01/03";"EA";"R08.B4.03";"0"
"80001052";"SPRING D80/41X3X5,1 (L109461) 101P01/03";"EA";"R08.B4.03";"0"
"80001053";"SPRING D56/28,5X3X4,2 (L105344) 101P02";"EA";"R08.B4.03";"0"
"80001054";"STRAIGHT PIN 8X26 (L108959) 101P02";"EA";"R08.B4.03";"0"
"80001081";"SEAL PN.6V8397 - 136DG01/02";"EA";"R04.B3.03";"0"
"80001126";"SEAL-O-RING PN.6V8398 - 136DG01/02";"EA";"R04.B3.03";"0"
"80001127";"SEAL-O-RING PN.6V8400 - 136DG01/02";"EA";"R04.B3.03";"0"
"80001128";"SEAL-O-RING PN.6V9746 - 136DG01/02";"EA";"R04.B3.03";"0"
"80001130";"SEAL-O-RING PN.7J0204 - 136DG01/02";"EA";"R04.B3.03";"0"
"80001131";"SEAL PN.7J9108 - 136DG01/02";"EA";"R04.B3.03";"0"
"80001132";"SEAL PN.7M8485 - 136DG01/02";"EA";"R04.B3.03";"0"
"80001186";"SEAL-O-RING PN.8T0315 - 136DG01/02";"EA";"R04.B3.03";"0"
"80001213";"UNION D41/84X44/G21/2A (E162298) 101P02";"EA";"R08.B4.02";"0"
"80001214";"UNION D42/108X45 (D154583) 101P01/03";"EA";"R08.B3.02";"0"
"80001222";"DISCH.VLV D92/M30X147(Z009445) 101P01/03";"EA";"R08.B4.02";"0"
"80001223";"DISCH.VLV D92/M30X104 (D213727-K) 101P02";"EA";"R08.B4.02";"0"
"80001225";"SUCT.VLV D89/M52X2X104(D213726-K) 101P02";"EA";"R17.B6.01";"0"
"80001232";"WASHER D25X2 101P02";"EA";"R08.B4.04";"0"
"80001235";"WASHER D39/60X4 (F130290) 101P01/03";"EA";"R08.B4.03";"0"
"80001236";"WASHER D39/60X4 (F130290) 101P02";"EA";"R08.B4.03";"0"
"80001246";"SEAL-O-RING PN.0304606 - 136DG01/02";"EA";"R04.B3.03";"0"
"80001253";"RING-PISTON PN.2542054 - 136DG01/02";"EA";"R04.B4.02";"0"
"80001254";"RING-PISTON PN.2868928 - 136DG01/02";"EA";"R04.B4.02";"0"
"80001257";"RING-PISTON PN.2940309 - 136DG01/02";"EA";"R04.B4.02";"0"
"80001258";"SEAL-O-RING PN.4J0526 - 136DG01/02";"EA";"R04.B3.03";"0"
"80001261";"SEAL-O-RING PN.4J0527 - 136DG01/02";"EA";"R04.B3.03";"0"
"80001262";"SEAL-O-RING PN.4J5140 - 136DG01/02";"EA";"R04.B3.03";"0"
"80001263";"SEAL-O-RING PN.4J5267 - 136DG01/02";"EA";"R04.B3.03";"0"
"80001267";"SEAL-O-RING PN.4J5477 - 136DG01/02";"EA";"R04.B3.03";"0"
"80001270";"SEAL-O-RING PN.4J7533 - 136DG01/02";"EA";"R04.B3.03";"0"
"80001273";"SOS ENGINE ANALYSIS HP427 - 136DG01/02";"EA";"R04.B6.03";"0"
"80001284";"CHAIN BLOCK 2 TON";"PC";"FL.06";"0"
"80001286";"CHAIN BLOCK 1 TON";"PC";"R22.B4.03";"0"
"80001292";"""GRINDING MACHINE 4""""""";"EA";"R29.B6.04";"0"
"80001293";"MAGNETIC STAND FOR DIAL GAUGE";"EA";"R18.B2.02";"0"
"80001295";"C/W 1199DDB54ARFW21DAA1,FLANGERMT(FMALE)";"UN";"AC.G2.28";"0"
"80001297";"C/W 1199DDB54ARFW21DAA1,FLANGERMT (MALE)";"UN";"AC.G2.28";"0"
"80001306";"BORE MACHINE 10MM TYPE 6411 MAKITA";"PC";"R04.B2.03";"0"
"80001308";"MEASURING TAPE 10M";"UN";"R29.B6.03";"0"
"80001309";"""SCRAPPER 3""""""";"PC";"R29.B6.03";"0"
"80001316";"HANDY TALKY MOTOROLA GP338";"UN";"ISUED";"0"
"80001317";"BASE STATION MOTOROLA GM338";"UN";"FL.03";"0"
"80001318";"RUPTURE DISC DN300 13.7BAR SS316";"PC";"R17.B6.04";"0"
"80001319";"RUPTURE DISC DN250 14.7BAR 109C SS316";"PC";"R17.B6.04";"0"
"80001324";"""ROTAMETER FT RAMC05 0-380KG/H 2""""ANSI150""";"SET";"AC.G1.17";"0"
"80001325";"""ROTAMETER FT RAMC02 0-850KG/H 1""""ANSI150""";"SET";"AC.G1.32";"0"
"80001326";"""ROTAMETER FT RAMC02 0-150KG/H 1""""ANSI150""";"SET";"AC.G1.25";"0"
"80001327";"""TEMP TRANSMITTER 0-400?C 0,5""""NPT,YTA110""";"SET";"AC.G1.16";"0"
"80001328";"""ROTAMETER FI , 0-80NM3/HR 1,5""""ANSI150""";"SET";"AC.G1.18";"0"
"80001329";"""ROTAMETER FT 0-4600KG/H 2""""ANSI150""";"SET";"AC.G1.19";"0"
"80001330";"""ROTAMETER FT 0-800KG/H 1""""ANSI150""";"SET";"AC.G1.26";"0"
"80001331";"""ROTAMETER FI 0-50KG/HR 1""""ANSI150""";"SET";"AC.G1.27";"0"
"80001332";"""ROTAMETER FT 0-200KG/HR 1""""ANSI150""";"SET";"AC.G1.21";"0"
"80001333";"""ROTAMETER FT 0-760KG/HR 1""""ANSI150""";"SET";"AC.G1.29";"0"
"80001334";"""ROTAMETER FT 0-400KG/HR 1""""ANSI150""";"SET";"AC.G1.24";"0"
"80001335";"""ROTAMETER FT 0-360KG/HR 1""""ANSI150""";"SET";"AC.G1.13";"0"
"80001336";"""ROTAMETER FI 0-200KG/HR 1,5""""ANSI150""";"SET";"AC.G1.22";"0"
"80001337";"""ROTAMETER FI 0-200 kg/hr 1.5"""" 105FI020""";"SET";"AC.G1.23";"0"
"80001338";"""ROTAMETER FT 0-320 KG/HR 1""""ANSI150""";"SET";"AC.G1.30";"0"
"80001339";"""ROTAMETER TMT 0-21T/H 3""""ANSI150""";"SET";"AC.G1.31";"0"
"80001342";"SIDE PLATES BRASS 115Z01A";"PC";"R18.B2.04";"0"
"80001343";"SIDE SEALING PLATE SS 115Z01A";"PC";"R18.B2.04";"0"
"80001344";"SET PACKING CORD 1.7M 115Z01A";"PC";"R18.B3.04";"0"
"80001345";"SLIDE BRG PRESS ROLLER 115Z01A";"PC";"R18.B3.04";"0"
"80001346";"SLIDE BRG HOLLOW ROLLER 67/55/55 115Z01A";"PC";"R18.B3.04";"0"
"80001347";"SLIDE BRG HOLLOW ROLLER 62/50/27 115Z01A";"PC";"R18.B3.04";"0"
"80001348";"NILOS-Ring 22217 AV 115Z01A";"PC";"R18.B2.05";"0"
"80001349";"NILOS-Ring 23026 AV 115Z01A";"PC";"R18.B2.04";"0"
"80001350";"PILLOW BLOCK 22217115Z01A";"PC";"R02.B5.01";"0"
"80001351";"PILLOW BLOCK 223026 115Z01A";"PC";"R02.B5.02";"0"
"80001352";"SPRING 8813-01-049 115Z01A";"PC";"R18.B3.04";"0"
"80001353";"SET PACKING WASHER 115Z01A";"PC";"R18.B2.04";"0"
"80001354";"WATER WIPER 115CV01A/B";"PC";"R18.B1.02";"0"
"80001358";"IMPELLER 4990 115P03A/B";"PC";"R18.B3.04";"0"
"80001359";"GASKET SET 5026 115P03A/B";"PC";"R18.B2.05";"0"
"80001360";"JOINT RING SET 4989 115P03A/B";"PC";"R18.B2.05";"0"
"80001362";"WEAR RING SET 4769 115P03A/B";"PC";"R18.B3.04";"0"
"80001363";"TAPPER LOCK RING SET 5190 115P03A/B";"PC";"R18.B2.05";"0"
"80001364";"SHAFT SLEEVE 6509 115P03A/B";"PC";"R18.B2.04";"0"
"80001366";"GASKET SET 5026 115P06";"PC";"R18.B2.04";"0"
"80001369";"WEAR RING SET 4769 115P06";"PC";"R18.B2.05";"0"
"80001370";"TAPPER LOCK RING SET 5190 115P06";"PC";"R18.B2.05";"0"
"80001371";"SHAFT SLEEVE 6509 115P06";"PC";"R18.B3.04";"0"
"80001373";"FILTER CAGE 5665 PROD FINE FILTR";"PC";"R18.B3.04";"0"
"80001374";"SEALING 6878 PROD FINE FILTR";"PC";"R18.B2.04";"0"
"80001376";"Cover 6205 R35 115P01";"PC";"R18.B3.04";"0"
"80001377";"PIN 6993 R35 115P01";"PC";"R18.B2.04";"0"
"80001378";"SHAFT SLIDE BEARING 2074 115P01";"PC";"R18.B2.05";"0"
"80001379";"IDLER SLIDE BEARING 222 115P01";"PC";"R18.B2.05";"0"
"80001380";"BEARING 5305 - 115P01";"PC";"R02.B1.03";"0"
"80001383";"ELESTIC ELEMENT 118 115P01";"PC";"R09.B2.03";"0"
"80001384";"IDLE 6119 115P01";"PC";"R18.B2.04";"0"
"80001385";"COVER 6205 115P01";"PC";"R18.B2.04";"0"
"80001387";"SHAFT SLIDE BEARING 2074 115P02";"PC";"R18.B2.05";"0"
"80001388";"IDLER SLIDE BEARING 222 115P02";"PC";"R18.B2.04";"0"
"80001389";"BALL BEARING 5305 115P02";"PC";"R18.B2.05";"0"
"80001390";"PACKING SET 5930 115P02";"PC";"R18.B2.05";"0"
"80001391";"FLAT SEAL 5026 115P02";"PC";"R18.B2.05";"0"
"80001392";"ELESTIC ELEMENT 118 115P02";"PC";"R09.B2.03";"0"
"80001393";"TIE ROD CYL 6485 JUMBO BAG FILLLING";"PC";"R13.B3.03";"0"
"80001394";"""PUP JOINT 10"""" JUMBO BAG FILLING""";"PC";"R13.B3.03";"0"
"80001395";"OLI VIBRATOR MOTOR 6922";"PC";"R13.B3.01";"0"
"80001396";"IDLE 6119 R35 115P01";"PC";"R18.B3.04";"0"
"80001397";"""PILLOW BLOCK BRG 2"""" UCP211""";"PC";"R13.B3.03";"0"
"80001398";"MOTOR TMRV 050 FA 0.38KW R0.25 EMEC CONV";"PC";"R13.B3.01";"0"
"80001399";"PILLOW BLOCK UCF206 EMEC BELT CONV";"PC";"R13.B3.03";"0"
"80001401";"MOTOR TMRV 050 FA 0.37KW R25 BAG TURNER";"PC";"R13.B3.01";"0"
"80001402";"PILLOW BLOCK UCF206 BAG TURNER";"PC";"R13.B3.03";"0"
"80001403";"BRG 6005ZZ BAG TURNER";"PC";"R27.B2.03";"0"
"80001404";"CYLINDER MBBF50-250-Z-Z7 BAG TURNER";"PC";"R27.B3.03";"0"
"80001405";"""SPEED CONTROLLER 1/4"""" D8 BAG TURNER""";"PC";"R18.B4.03";"0"
"80001406";"LINEAR BRG LMF25UUN BAG TURNER";"PC";"R18.B4.03";"0"
"80001407";"PILLOW BLOCK UCF207 BAG FLATTENER";"PC";"R13.B3.03";"0"
"80001408";"PILLOW BLOCK ECFL205 BAG FLATTENER";"PC";"R18.B4.03";"0"
"80001409";"PILLOW BLOCK UCFL207 BAG FLATTENER";"PC";"R18.B4.03";"0"
"80001410";"ROD END BEARING PHSCLM22 BAG FLATTENER";"PC";"R13.B3.03";"0"
"80001411";"ROD END BEARING PHSCM22 BAG FLATTENER";"PC";"R13.B3.03";"0"
"80001412";"GEARBOX NRV-063-1/40 BAG FLATTENER";"PC";"R13.B3.01";"0"
"80001413";"GEAR MOTOR BAG FLATTENER";"PC";"R13.B3.01";"0"
"80001414";"FREE ROLLER PP60-770L BAG FLATTENER";"PC";"R13.B3.01";"0"
"80001415";"AIR CYLINDER MFBD60-100Z BAG FLATTENER";"PC";"R13.B3.03";"0"
"80001416";"SPEED CONTROL NSE 0803-0 BAG FLATTENER";"PC";"R18.B4.03";"0"
"80001417";"SILENCER MSL-B-03 BAG FLATTENER";"PC";"R18.B3.04";"0"
"80001418";"AIR REGULATOR AR30-03BG-A BAG FLATTENER";"PC";"R18.B3.03";"0"
"80001419";"MOTOR TMRV-075-FA-0.75KW R25 MOTRZ BELT";"PC";"R27.B3.02";"0"
"80001420";"PILLOW BLOCK UCF206 MOTRZ BELT";"PC";"R13.B3.03";"0"
"80001421";"BEARING 6005ZZ EMEC MTRZ BELT";"PC";"R02.B5.03";"0"
"80001422";"BEARING 15A 105P03";"PC";"R05.B4.01";"0"
"80001423";"BEARING 15B 105P03";"PC";"R05.B4.01";"0"
"80001424";"SHAFT SLEEVE 17A/B 105P03";"PC";"R05.B4.02";"0"
"80001425";"THRUST COLLAR 18A/B 105P03";"PC";"R05.B4.02";"0"
"80001426";"PUMP GASKET 66A 105P03";"PC";"R05.B4.02";"0"
"80001427";"MOTOR GASKET 66B 105P03";"PC";"R05.B4.02";"0"
"80001428";"LOCK WASHER 57A 105P03";"PC";"R05.B4.03";"0"
"80001429";"LOCK WASHER 57B 105P03";"PC";"R05.B4.03";"0"
"80001430";"MECH SEAL 70 105P03";"PC";"R07.B6.03";"0"
"80001431";"BEARING 15A 105P04";"PC";"R05.B2.02";"0"
"80001432";"BEARING 15B 105P04";"PC";"R05.B2.02";"0"
"80001433";"SHAFT SLEEVE 17A/B 105P04";"PC";"R05.B2.02";"0"
"80001434";"THRUST COLLAR 18A/B 105P04";"PC";"R05.B2.02";"0"
"80001435";"PUMP GASKET 66A 105P04";"PC";"R05.B3.03";"0"
"80001436";"MOTOR GASKET 66B 105P04";"PC";"R05.B3.03";"0"
"80001437";"LOCK WASHER 57A 105P04";"PC";"R05.B2.02";"0"
"80001438";"LOCK WASHER 57B 105P04";"PC";"R05.B2.02";"0"
"80001439";"MECH SEAL 70 105P04";"PC";"R07.B6.02";"0"
"80001440";"BEARING 15A 105P05";"PC";"R05.B2.03";"0"
"80001441";"BEARING 15B 105P05";"PC";"R05.B2.03";"0"
"80001443";"THRUST COLLAR 18A/B 105P05";"PC";"R05.B1.03";"0"
"80001444";"PUMP GASKET 66A 105P05";"PC";"R05.B2.03";"0"
"80001445";"MOTOR GASKET 66B 105P05";"PC";"R05.B2.03";"0"
"80001446";"LOCK WASHER 57A 105P05";"PC";"R05.B2.03";"0"
"80001447";"LOCK WASHER 57B 105P05";"PC";"R05.B2.03";"0"
"80001448";"MECH SEAL 70 105P05";"PC";"R07.B6.03";"0"
"80001449";"BEARING 15A 105P06";"PC";"R05.B1.02";"0"
"80001450";"BEARING 15B 105P06";"PC";"R05.B1.02";"0"
"80001451";"SHAFT SLEEVE 17A/B 105P06";"PC";"R05.B1.02";"0"
"80001452";"THRUST COLLAR 18A/B 105P06";"PC";"R05.B1.02";"0"
"80001453";"PUMP GASKET 66A 105P06";"PC";"R05.B1.02";"0"
"80001454";"MOTOR GASKET 66B 105P06";"PC";"R05.B1.02";"0"
"80001455";"LOCK WASHER 57A 105P06";"PC";"R05.B1.02";"0"
"80001456";"LOCK WASHER 57B 105P06";"PC";"R05.B1.02";"0"
"80001457";"MECH SEAL 70 105P06";"PC";"R07.B6.03";"0"
"80001458";"BEARING 15A 112P04";"PC";"R05.B3.02";"0"
"80001459";"BEARING 15B 112P04";"PC";"R05.B3.02";"0"
"80001460";"SHAFT SLEEVE 17A/B 112P04";"PC";"R05.B3.02";"0"
"80001461";"THRUST COLLAR 18A/B 112P04";"PC";"R05.B3.02";"0"
"80001462";"PUMP GASKET 66A 112P04";"PC";"R05.B3.02";"0"
"80001463";"MOTOR GASKET 66B 112P04";"PC";"R05.B3.02";"0"
"80001464";"LOCK WASHER 57A 112P04";"PC";"R05.B3.02";"0"
"80001465";"LOCK WASHER 57B 112P04";"PC";"R05.B3.02";"0"
"80001466";"MECH SEAL 70 112P04";"PC";"R07.B6.03";"0"
"80001467";"BEARING 15A 112P03";"PC";"R05.B3.03";"0"
"80001468";"BEARING 15B 112P03";"PC";"R05.B3.03";"0"
"80001469";"SHAFT SLEEVE 17A/B 112P03";"PC";"R05.B3.02";"0"
"80001470";"THRUST COLLAR 18A/B 112P03";"PC";"R05.B3.03";"0"
"80001471";"PUMP GASKET 66A 112P03";"PC";"R05.B3.03";"0"
"80001472";"MOTOR GASKET 66B 112P03";"PC";"R04.B3.03";"0"
"80001473";"LOCK WASHER 57A 112P03";"PC";"R05.B3.03";"0"
"80001474";"LOCK WASHER 57B 112P03";"PC";"R05.B3.03";"0"
"80001475";"MECH SEAL 70 112P03";"PC";"R07.B6.02";"0"
"80001476";"BEARING 15A 112P05";"PC";"R05.B4.03";"0"
"80001477";"BEARING 15B 112P05";"PC";"R05.B3.02";"0"
"80001478";"SHAFT SLEEVE 17A/B 112P05";"PC";"R05.B4.03";"0"
"80001479";"THRUST COLLAR 18A/B 112P05";"PC";"R05.B4.03";"0"
"80001480";"PUMP GASKET 66A 112P05";"PC";"R05.B4.03";"0"
"80001481";"MOTOR GASKET 66B 112P05";"PC";"R05.B4.03";"0"
"80001482";"LOCK WASHER 57A 112P05";"PC";"R05.B4.03";"0"
"80001483";"LOCK WASHER 57B 112P05";"PC";"R05.B4.03";"0"
"80001484";"MECH SEAL 70 112P05";"PC";"R07.B6.03";"0"
"80001485";"BEARING 15A 112P12";"PC";"R05.B5.03";"0"
"80001486";"BEARING 15B 112P12";"PC";"R05.B5.03";"0"
"80001487";"SHAFT SLEEVE 17A/B 112P12";"PC";"R05.B5.03";"0"
"80001488";"THRUST COLLAR 18A/B 112P12";"PC";"R05.B5.03";"0"
"80001489";"PUMP GASKET 66A 112P12";"PC";"R05.B5.03";"0"
"80001490";"MOTOR GASKET 66B 112P12";"PC";"R05.B5.03";"0"
"80001491";"LOCK WASHER 57A 112P12";"PC";"R05.B5.03";"0"
"80001492";"LOCK WASHER 57B 112P12";"PC";"R05.B5.03";"0"
"80001493";"BEARING 15A 112P15";"PC";"R05.B6.02";"0"
"80001494";"BEARING 15B 112P15";"PC";"R05.B6.02";"0"
"80001495";"SHAFT SLEEVE 17A/B 112P15";"PC";"R05.B6.02";"0"
"80001496";"THRUST COLLAR 18A/B 112P15";"PC";"R05.B6.02";"0"
"80001497";"PUMP GASKET 66A 112P15";"PC";"R05.B6.03";"0"
"80001498";"MOTOR GASKET 66B 112P15";"PC";"R05.B6.03";"0"
"80001499";"LOCK WASHER 57A 112P15";"PC";"R05.B6.02";"0"
"80001500";"LOCK WASHER 57B 112P15";"PC";"R05.B6.02";"0"
"80001501";"BEARING 15A 112P10";"PC";"R05.B5.04";"0"
"80001502";"BEARING 15B 112P10";"PC";"R05.B5.04";"0"
"80001503";"SHAFT SLEEVE 17A/B 112P10";"PC";"R05.B5.04";"0"
"80001504";"THRUST COLLAR 18A/B 112P10";"PC";"R05.B5.04";"0"
"80001505";"PUMP GASKET 66A 112P10";"PC";"R05.B5.04";"0"
"80001506";"MOTOR GASKET 66B 112P10";"PC";"R05.B5.04";"0"
"80001507";"LOCK WASHER 57A 112P10";"PC";"R05.B5.04";"0"
"80001508";"LOCK WASHER 57B 112P10";"PC";"R05.B5.04";"0"
"80001509";"BEARING 15A 112P16";"PC";"R05.B5.03";"0"
"80001510";"BEARING 15B 112P16";"PC";"R05.B5.03";"0"
"80001511";"SHAFT SLEEVE 17A/B 112P16";"PC";"R05.B5.03";"0"
"80001512";"THRUST COLLAR 18A/B 112P16";"PC";"R05.B5.03";"0"
"80001513";"PUMP GASKET 66A 112P16";"PC";"R05.B5.03";"0"
"80001514";"MOTOR GASKET 66B 112P16";"PC";"R05.B5.03";"0"
"80001515";"LOCK WASHER 57A 112P16";"PC";"R05.B5.03";"0"
"80001516";"LOCK WASHER 57B 112P16";"PC";"R05.B5.03";"0"
"80001517";"MECH SEAL 70 112P16";"PC";"R07.B6.03";"0"
"80001518";"BEARING 15A 110P15";"PC";"R05.B4.02";"0"
"80001519";"BEARING 15B 110P15";"PC";"R05.B4.02";"0"
"80001520";"SHAFT SLEEVE 17A/B 110P15";"PC";"R05.B4.02";"0"
"80001521";"THRUST COLLAR 18A/B 110P15";"PC";"R05.B5.02";"0"
"80001522";"PUMP GASKET 66A 110P15";"PC";"R05.B6.03";"0"
"80001523";"MOTOR GAKET 66B 110P15";"PC";"R05.B6.03";"0"
"80001524";"LOCK WASHET 57A 110P15";"PC";"R05.B4.02";"0"
"80001525";"LOCK WASHER 57B 110P15";"PC";"R05.B4.02";"0"
"80001526";"MECH SEAL 70 110P15";"PC";"R07.B6.02";"0"
"80001527";"BEARING 15A 110P16";"PC";"R05.B6.02";"0"
"80001528";"BEARING 15B 110P16";"PC";"R05.B6.02";"0"
"80001529";"SHAFT SLEEVE 17A/B 110P16";"PC";"R05.B6.02";"0"
"80001530";"THRUST COLLAR 18A/B 110P16";"PC";"R05.B6.02";"0"
"80001531";"PUMP GASKET 66A 110P16";"PC";"R05.B3.03";"0"
"80001532";"MOTOR GASKET 66A 110P16";"PC";"R05.B6.02";"0"
"80001533";"LOCK WASHER 57A 110P16";"PC";"R05.B6.02";"0"
"80001534";"LOCK WASBER 57B 110P16";"PC";"R05.B6.02";"0"
"80001536";"DIGITAL OUTPUT MODULE - SDV541-S63/PRP";"PC";"AC.H2.30";"0"
"80001537";"I/O MODULE TC, AAT 141-S50 YOKOGAWA";"PC";"AC.H2.30";"0"
"80001541";"DIGITAL INPUT MODULE - ADV 151-P60/D5A00";"PC";"AC.H2.31";"0"
"80001544";"DIGITAL INPUT MODULE - SDV144-S63/PRP";"PC";"AC.H2.31";"0"
"80001545";"DIGITAL OUTPUT MODULE SDV531-S63/PRP";"PC";"AC.H2.31";"0"
"80001546";"ESB BUS INTERFACE MODULEEC401-50YOKOGAWA";"PC";"AC.H2.31";"0"
"80001553";"LOAD CELL LC4103 BAGGING MACH";"PC";"R13.B3.03";"0"
"80001554";"WEIGHT INDICATOR AD4401 BAGGING MACH";"PC";"R18.B4.03";"0"
"80001555";"SOLENOID VLV SY5120-4G-C8 BAGGING MACH";"PC";"R18.B3.03";"0"
"80001557";"MOUJEN LIMIT SWITCH MJ7207 BAGGING MACH";"PC";"C.AC.01.03";"0"
"80001558";"2 WAY SELECTOR SWITCH BAGGING MACH";"PC";"AC.H1.10";"0"
"80001559";"2WAY SELECTOR SWITCH C/W LAMP AC220V-RED";"PC";"AC.H1.10";"0"
"80001560";"PLC CP 1E-E30DR-A";"PC";"R19.B1.03";"0"
"80001561";"OMRON RELAY C/W AC220V-MK2P";"PC";"R19.B2.03";"0"
"80001562";"PHOTO SENSOR-CR80 C/W REJECTOR CONVEYOR";"PC";"R18.B3.03";"0"
"80001563";"WEIGH INDICATOR-AD4404 REJECTOR CONVEYOR";"PC";"R18.B3.01";"0"
"80001565";"OVERLOAD RELAY 1.6A-2.5A SCHNEIDER";"PC";"R19.B2.02";"0"
"80001567";"SELENOID VALVE-454-015-02G7J";"PC";"R18.B3.03";"0"
"80001568";"PLC-CP1E-E30DR-A";"PC";"R13.B3.03";"0"
"80001569";"EXTENSION CARD CP1W-20EDR";"PC";"R19.B1.03";"0"
"80001570";"RELAY C/W BASE 24VDC-MY2N";"PC";"AC.H2.11";"0"
"80001571";"RELAY C/W BASE 24VAC-MK2P";"PC";"R19.B3.03";"0"
"80001574";"TEMPERATURE SENSOR DIXELL-CWSYS";"PC";"R18.B3.03";"0"
"80001576";"ELECT EQ 115CV01A/B";"SET";"R18.B3.03";"0"
"80001577";"LOADCELL TRUE TEC BS23M SHEAR BEAM 908KG";"PC";"R18.B4.03";"0"
"80001578";"WEIGHING INDICATOR-JUMBOBAGFILLINGMACH";"PC";"R18.B3.01";"0"
"80001580";"3 WAY SELECTORSWITCH-JUMBOBAGFILLINGMACH";"PC";"R19.B1.04";"0"
"80001583";"TOR SCHNEIDER LRD07 1,6-2,5A";"PC";"R19.B2.02";"0"
"80001585";"PROXIMITY SENSOR-JUMBOBAGFILLINGMACH";"PC";"R18.B3.03";"0"
"80001586";"PLC, CP1E-30CDR-JUMBOBAGFILLINGMACH";"PC";"R13.B3.03";"0"
"80001587";"TIMER, H3CR-A8-JUMBOBAGFILLINGMACH";"PC";"C.AC.01.03";"0"
"80001588";"SELENOIDVALVE,VF5244-JUMBOBAGFILLINGMACH";"PC";"R19.B4.01";"0"
"80001589";"SELENOIDVALVE,SY7120-JUMBOBAGFILLINGMACH";"PC";"R18.B3.03";"0"
"80001590";"AIR FILTER SAFETY AIR COMP";"PC";"R04.B4.04";"0"
"80001591";"ANALOG COND. SENSOR CONDUMAX CLS12 E+H";"PC";"R20.B6.03";"0"
"80001592";"ANGUL CONT BALL BRG 1112P01";"PC";"R02.B2.04";"0"
"80001594";"ANGUL CONT BALL BRG 1136P01A/B";"PC";"R02.B2.04";"0"
"80001595";"ANGUL CONT BALL BRG 1138P01A/B";"PC";"R02.B2.04";"0"
"80001596";"ANGUL CONT BALL BRG 1141P01A/B";"PC";"R08.B3.02";"0"
"80001598";"ANGUL CONT BALL BRG 1145P02A/B";"PC";"R02.B3.04";"0"
"80001599";"ANGUL CONT BALL BRG 1147P01";"PC";"R02.B4.04";"0"
"80001600";"ANGUL CONT BALL BRG 1148P01A";"PC";"R02.B3.04";"0"
"80001601";"ANGUL CONT BALL BRG 1152P01";"PC";"R02.B4.04";"0"
"80001602";"ANGUL CONT BALL BRG 1201P01-1";"PC";"R02.B3.04";"0"
"80001603";"ANGUL CONT BALL BRG 1201P02A/B1";"PC";"R02.B4.04";"0"
"80001605";"ANGUL CONT BALL BRG 1211P01A/B";"PC";"R02.B4.04";"0"
"80001606";"ANGUL CONT BALL BRG 1213P01A/B";"PC";"R08.B3.02";"0"
"80001607";"ANGUL CONT BALL BRG 1219P01A/B";"PC";"R02.B2.04";"0"
"80001608";"ANGUL CONT BALL BRG 1220P01A/B";"PC";"R08.B2.02";"0"
"80001609";"ANGUL CONT BALL BRG 1302P01A/B";"PC";"R02.B4.04";"0"
"80001610";"ANGUL CONT BALL BRG 1304P01A/B";"PC";"R02.B4.04";"0"
"80001611";"ANGUL CONT BALL BRG 1306P01A/B";"PC";"R02.B4.04";"0"
"80001612";"ANGUL CONT BALL BRG 1308P01A/B";"PC";"R02.B4.04";"0"
"80001613";"ANGUL CONT BALL BRG 1310P01A/B";"PC";"R02.B3.04";"0"
"80001614";"ANGUL CONT BALL BRG 1401P01";"PC";"R02.B3.04";"0"
"80001615";"ANGUL CONT BALL BRG 1401P02A";"PC";"R02.B3.04";"0"
"80001616";"ANGUL CONT BALL BRGH 1222P01A/B";"PC";"R02.B3.04";"0"
"80001617";"ANGUL CONT BRG 1144P01";"PC";"R02.B2.04";"0"
"80001618";"ANGUL CONT BRG 1204P01A/B";"PC";"R02.B2.04";"0"
"80001619";"ANGUL CONT BRG 1301P01";"PC";"R02.B3.04";"0"
"80001620";"ANGULAR CONT BALL BRG 1101P01A/B";"PC";"R02.B2.04";"0"
"80001621";"ANGULAR CONT BALL BRG 1103P01A/B";"PC";"R08.B3.02";"0"
"80001622";"ANGULAR CONT BALL BRG 1108P01A/B";"PC";"R02.B3.03";"0"
"80001623";"ANGULAR CONT BALL BRG 1110P01A/B";"PC";"R02.B2.04";"0"
"80001625";"ANGULAR CONT BALL BRG 1115P01A/B";"PC";"R02.B4.04";"0"
"80001626";"ANGULAR CONT BALL BRG 1118P01A/B";"PC";"R02.B3.03";"0"
"80001627";"ANGULAR CONT BALL BRG 1124P01";"PC";"R02.B4.04";"0"
"80001628";"ANGULAR CONT BALL BRG 1124P02";"PC";"R02.B4.04";"0"
"80001629";"ANGULAR CONT BALL BRG 1127P01A/B";"PC";"R02.B4.04";"0"
"80001630";"ANGULAR CONT BALL BRG 1129P01A/B";"PC";"R02.B4.04";"0"
"80001631";"ANGULAR CONT BALL BRG 1130P01";"PC";"R02.B3.04";"0"
"80001632";"ANGULAR CONT BALL BRG 1132P01";"PC";"R02.B3.04";"0"
"80001634";"ANGULAR CONT BALL BRG 1225P03A/B";"PC";"R02.B2.04";"0"
"80001636";"ANGULAR CONT BRG INVCP32/160C-700";"PC";"R14.B3.03";"0"
"80001637";"ANGULAR CONT BRG INVCP40/160C-100";"PC";"R14.B3.03";"0"
"80001638";"ANGULAR CONT BRG INVCP40/160C-300";"PC";"R14.B3.03";"0"
"80001639";"ANGULAR CONT BRG INVCP40/160C-800";"PC";"R14.B3.03";"0"
"80001640";"ANGULAR CONTACT BEARING INVCP32/160C-200";"PC";"R14.B3.03";"0"
"80001641";"ANGULAR CONTACT BRG INVCP32/160C-500";"PC";"R14.B3.03";"0"
"80001642";"ANGULAT CONT BALL BRG 1133P01A/B";"PC";"R08.B2.02";"0"
"80001645";"AUX RELAY KC6 UNIGEAR ZS1-VT ABB";"EA";"R18.B4.02";"0"
"80001648";"BEARING 321.01 NIT440-250 ALLWEILER";"PC";"R02.B2.03";"0"
"80001657";"BEARING KIT CR64-3-8 109PF1078/16";"PC";"R08.B2.03";"0"
"80001658";"BEARING NTT125-200";"PC";"R02.B4.04";"0"
"80001659";"BEARING NTT125-299";"PC";"R02.B1.03";"0"
"80001661";"BEARING NUT INVCP32/160C-400";"PC";"R14.B3.03";"0"
"80001662";"BEARING NUT INVCP40/160C-100";"PC";"R14.B3.03";"0"
"80001663";"BEARING SKF 6316 C3";"SET";"R02.B2.02";"0"
"80001666";"BOLT BRG KIT CR/N32/45/64 109PF1078/16";"PC";"R08.B2.03";"0"
"80001667";"""BREATHER VALVE KSBB 10"""" DIAPH TEFLON""";"PC";"R21.B4.04";"0"
"80001668";"""BREATHER VALVE KSBB 12"""" DIAPH TEFLON""";"PC";"R21.B4.04";"0"
"80001669";"""BREATHER VALVE KSBB 3"""" DIAPH TEFLON""";"PC";"R21.B4.04";"0"
"80001670";"""BREATHER VALVE KSBB 4"""" DIAPH TEFLON""";"PC";"R21.B4.04";"0"
"80001671";"""BREATHER VALVE KSBB 6"""" DIAPH TEFLON""";"PC";"R21.B4.04";"0"
"80001672";"""BREATHER VALVE KSBB 8"""" DIAPH TEFLON""";"PC";"R21.B4.04";"0"
"80001674";"BRG COVER DE 1101P01A/B";"PC";"R14.B2.03";"0"
"80001675";"BRG COVER DE 1110P01A/B";"PC";"R14.B2.03";"0"
"80001676";"BRG COVER DE 1115P01A/B";"PC";"R14.B2.03";"0"
"80001677";"BRG COVER DE 1133P01A/B";"PC";"R14.B2.03";"0"
"80001678";"BRG COVER DE 1145P02A/B";"PC";"R14.B2.03";"0"
"80001679";"BRG COVER DE 1147P01";"PC";"R14.B2.03";"0"
"80001680";"BRG COVER DE 1152P01";"PC";"R14.B2.03";"0"
"80001681";"BRG COVER DE 1225P03A/B";"PC";"R14.B2.03";"0"
"80001682";"BRG COVER NDE 1101P01A/B";"PC";"R14.B2.03";"0"
"80001683";"BRG COVER NDE 1110P01A/B";"PC";"R14.B2.03";"0"
"80001684";"BRG COVER NDE 1115P01A/B";"PC";"R14.B2.03";"0"
"80001685";"BRG COVER NDE 1133P01A/B";"PC";"R14.B2.03";"0"
"80001686";"BRG COVER NDE 1145P02A/B";"PC";"R14.B2.03";"0"
"80001687";"BRG COVER NDE 1147P01";"PC";"R14.B2.03";"0"
"80001688";"BRG COVER NDE 1152P01";"PC";"R14.B2.03";"0"
"80001689";"BRG COVER NDE 1225P03A/B";"PC";"R14.B2.03";"0"
"80001690";"BEARING BUSH, P/N 545.3 , KSB B14B";"PC";"R14.B5.01";"0"
"80001691";"BEARING BUSH, P/N 545.1 , KSB B14B";"PC";"R14.B5.01";"0"
"80001692";"BUSH MODULE 8813-01-043 ROLLOMAT";"PC";"R18.B4.02";"0"
"80001693";"CAS WEAR RING 1101P01A/B";"PC";"R14.B2.04";"0"
"80001694";"CAS WEAR RING 1110P01A/B";"PC";"R14.B2.04";"0"
"80001695";"CAS WEAR RING 1115P01A/B";"PC";"R14.B2.04";"0"
"80001696";"CAS WEAR RING 1133P01A/B";"PC";"R14.B2.04";"0"
"80001697";"CAS WEAR RING 1145P02A/B";"PC";"R14.B2.04";"0"
"80001698";"CAS WEAR RING 1147P01";"PC";"R14.B2.04";"0"
"80001699";"CAS WEAR RING 1152P01";"PC";"R14.B2.04";"0"
"80001700";"CAS WEAR RING 1225P03A/B";"PC";"R14.B2.04";"0"
"80001701";"CAS WEAR RING 1302P01A/B";"PC";"R14.B2.04";"0"
"80001702";"CASING WEAR RING 502.01 ETNY 040-025-160";"PC";"R14.B2.04";"0"
"80001703";"CASING WEAR RING 502.02 ETATORM PRIM TOH";"PC";"R14.B4.03";"0"
"80001704";"CASING WEAR RING 502.02 ETNY 040-025-160";"PC";"R14.B2.04";"0"
"80001706";"CASING WEAR RING502.01 ETATORM PRIM TOH";"PC";"R14.B4.03";"0"
"80001707";"CASING WEAR RING502.01 ETATORM SECND TOH";"PC";"R14.B4.03";"0"
"80001708";"CASINGWEAR RING502.02 ETATORM SCND TOH";"PC";"R14.B4.03";"0"
"80001709";"CENT LVL OIL 1147P01";"PC";"R14.B2.05";"0"
"80001710";"CHAIN GUARD 8813-01-130 ROLLOMAT";"PC";"R18.B4.01";"0"
"80001712";"CH.VALVE MAKE UP R300A, R300B NEA COMP";"PC";"R26.B6.01";"0"
"80001713";"CH.VALVE RECYCLE R500A, R500B NEA COMP";"PC";"R26.B6.01";"0"
"80001715";"CHECK VLV DN50 PN40 BW ARI";"PC";"R09.B2.02";"0"
"80001719";"SPRING D32/3,6X70X9,5(E178698) 101P01/03";"PC";"R08.B4.03";"0"
"80001720";"COMP SPRING E178698 VLV BLOCK 101P02";"PC";"R08.B5.02";"0"
"80001721";"SPRING D45/3,6X77X7,5 (E198302) 101P02";"PC";"R08.B4.03";"0"
"80001722";"SPRING D45/3,6X77X7,5(E198302) 101P01/03";"PC";"R08.B4.03";"0"
"80001723";"COMPENSATION BUSHING-A  3928A1045001M51";"PC";"R10.B1.04";"0"
"80001724";"COMPENSATION BUSHING-B  3928A1045002M51";"PC";"R10.B2.04";"0"
"80001725";"COMPENSATION BUSHING-C  3928A1045003M51";"PC";"R10.B2.03";"0"
"80001726";"COMPENSATION BUSHING-D  3928A1045004M51";"PC";"R10.B3.02";"0"
"80001730";"CONST LVL OIL 1101P01A/B";"PC";"R14.B3.04";"0"
"80001736";"COUPLING HOF-55 109F1016A";"PC";"R09.B5.03";"0"
"80001739";"CTRL VLV MTRZ 2W DN25 PN16/25 4-20MM ARI";"PC";"R21.B6.02";"0"
"80001741";"CUPBOARD 46X92X193CM";"UN";"FL 08";"0"
"80001742";"CYL ROLL BALL BRG 1219P01A/B";"PC";"R02.B3.04";"0"
"80001743";"CYL ROLL BRG 1101P01A/B";"PC";"R02.B3.04";"0"
"80001744";"CYL ROLL BRG 1103P01A/B";"PC";"R08.B3.02";"0"
"80001745";"CYL ROLL BRG 1104P01";"PC";"R02.B3.04";"0"
"80001746";"CYL ROLL BRG 1108P01A/B";"PC";"R02.B3.04";"0"
"80001748";"CYL ROLL BRG 1112P01";"PC";"R02.B3.04";"0"
"80001750";"CYL ROLL BRG 1115P01A/B";"PC";"R02.B4.04";"0"
"80001751";"CYL ROLL BRG 1118P01A/B";"PC";"R02.B4.04";"0"
"80001752";"CYL ROLL BRG 1120P01";"PC";"R02.B2.04";"0"
"80001753";"CYL ROLL BRG 1124P01";"PC";"R02.B4.04";"0"
"80001754";"CYL ROLL BRG 1124P02";"PC";"R02.B2.04";"0"
"80001755";"CYL ROLL BRG 1127P01A/B";"PC";"R02.B4.04";"0"
"80001756";"CYL ROLL BRG 1129P01A/B";"PC";"R02.B4.04";"0"
"80001757";"CYL ROLL BRG 1130P01";"PC";"R02.B4.04";"0"
"80001758";"CYL ROLL BRG 1132P01";"PC";"R02.B4.04";"0"
"80001759";"CYL ROLL BRG 1133P01A/B";"PC";"R02.B4.04";"0"
"80001760";"CYL ROLL BRG 1136P01A/B";"PC";"A1.23";"0"
"80001761";"CYL ROLL BRG 1138P01A/B";"PC";"A1.23";"0"
"80001762";"CYL ROLL BRG 1141P01A/B";"PC";"R02.B3.04";"0"
"80001763";"CYL ROLL BRG 1144P01";"PC";"R02.B3.04";"0"
"80001765";"CYL ROLL BRG 1145P02A/B";"PC";"R02.B3.04";"0"
"80001766";"CYL ROLL BRG 1147P01";"PC";"R02.B4.04";"0"
"80001767";"CYL ROLL BRG 1148P01A";"PC";"R02.B3.04";"0"
"80001768";"CYL ROLL BRG 1152P01";"PC";"R02.B4.04";"0"
"80001769";"CYL ROLL BRG 1201P01-1";"PC";"R02.B3.04";"0"
"80001770";"CYL ROLL BRG 1201P02A/B1";"PC";"R02.B4.04";"0"
"80001771";"CYL ROLL BRG 1204P01A/B";"PC";"R08.B3.02";"0"
"80001772";"CYL ROLL BRG 1207P01A/B";"PC";"R02.B3.04";"0"
"80001773";"CYL ROLL BRG 1211P01A/B";"PC";"R02.B3.02";"0"
"80001774";"CYL ROLL BRG 1213P01A/B";"PC";"R08.B3.02";"0"
"80001775";"CYL ROLL BRG 1220P01A/B";"PC";"R08.B3.02";"0"
"80001777";"CYL ROLL BRG 1301P01";"PC";"R02.B4.04";"0"
"80001778";"CYL ROLL BRG 1302P01A/B";"PC";"R02.B4.04";"0"
"80001779";"CYL ROLL BRG 1304P01A/B";"PC";"R08.B4.02";"0"
"80001780";"CYL ROLL BRG 1306P01A/B";"PC";"R02.B4.04";"0"
"80001781";"CYL ROLL BRG 1308P01A/B";"PC";"R02.B4.04";"0"
"80001782";"CYL ROLL BRG 1310P01A/B";"PC";"R02.B4.04";"0"
"80001783";"CYL ROLL BRG 1401P01";"PC";"R02.B3.04";"0"
"80001784";"CYL ROLL BRG 1401P02A";"PC";"R02.B3.04";"0"
"80001786";"CYLINDER ROLL BRG 1225P01A/B";"PC";"R02.B3.04";"0"
"80001787";"CYLINDER ROLL BRG 1225P03A/B";"PC";"R02.B3.04";"0"
"80001788";"DP TRANS FMD77-1BA7FB6DPAAA+Z1,4500MMH2O";"PC";"AC.H2.15";"0"
"80001791";"DEEP BALL BRG 321.2 MCPK050-032-1601";"PC";"R02.B4.04";"0"
"80001792";"DEEP GR BALL BRG 321 ETNY 040-025-160";"PC";"R14.B3.03";"0"
"80001793";"DEEP GROOVE BALL BRG 321.01 MCPK040-025";"PC";"R02.B3.04";"0"
"80001795";"DEEP GROOVE BALL BRG 321.01 MCPK100-065";"PC";"R02.B3.04";"0"
"80001796";"DEEP GROOVE BALL BRG 321.02 MCPK040-025";"PC";"R02.B4.04";"0"
"80001798";"DEEP GROOVE BALL BRG 321.02 MCPK100-065";"PC";"R02.B3.04";"0"
"80001799";"DEEP GROOVE BALL BRG 321.1 MCPK040-025";"PC";"R02.B3.04";"0"
"80001800";"DEEP GROOVE BALL BRG 321.1 MCPK050-032";"PC";"R02.B3.04";"0"
"80001803";"DEEP GROOVE BALL BRG 321.2 MPCK040-025";"PC";"R02.B3.04";"0"
"80001804";"DEEP GROOVE BALL BRG 321.2 MPCK050-032";"PC";"R02.B3.04";"0"
"80001806";"DEEP GROOVE BALL BRG OMEGA300-560ASBGF";"SET";"R02.B3.02";"0"
"80001807";"DEPP GROOVE BALL BRG 321.2 MCPK050-032";"PC";"R02.B4.04";"0"
"80001810";"DIAPHRAGM PROMINENT-S1BAH12017SST DOSING";"SET";"R03.B1.04";"0"
"80001811";"DIAPHRAGM PROMINENT-VANNC04063PVT DOSING";"SET";"R04.B3.04";"0"
"80001813";"DIAPHRAGM PUMP NAOH HCL PUMP";"UN";"R03.B1.04";"0"
"80001814";"DISCH.VLV 4TH 130CGM(1-062-004422)NEA";"PC";"R26.B3.02";"0"
"80001817";"DISCH VLV E204476 VLV BLOCK 101P02";"PC";"R08.B4.03";"0"
"80001818";"DISCH VALVE PNE204476 101P02";"PC";"R08.B3.02";"0"
"80001819";"DISC.VLV 1ST STAGE(4050/1-062-004416)NEA";"PC";"R26.B1.02";"0"
"80001820";"DISC.VLV 2ND (5054/1-062-004418) NEACOMP";"PC";"R26.B1.02";"0"
"80001821";"DISCH.VALVE 3RD (1-062-004420) NEA COMP";"PC";"R26.B1.02";"0"
"80001822";"DISC VLV GUID 3100 N0 004 K00 K09-111P05";"PC";"R10.B4.02";"0"
"80001823";"DISC VLV 3100 N0 001 K00 K09-111P05";"PC";"R10.B4.02";"0"
"80001825";"DISCHARGE VALVE SPANCER 3929T5018000K09";"PC";"R10.B1.02";"0"
"80001826";"SUCT VLV SPRG 3929 T5 017 000 K22-111P05";"PC";"R10.B4.03";"0"
"80001827";"DN125 R0133";"PC";"R09.B2.03";"0"
"80001828";"DN25XDN40 109PSV018";"PC";"R03.B3.03";"0"
"80001829";"DN25XDN40 109PSV-LPS";"PC";"R03.B3.03";"0"
"80001830";"DN32XDN50 109PSV021";"PC";"R03.B3.03";"0"
"80001831";"DN50XDN80 109PSV023";"PC";"R03.B3.03";"0"
"80001835";"D-PLATE GASKET MTRL GZ-NBR - 109E11";"SET";"R22.B5.04";"0"
"80001836";"D-PLATE GASKET MTRL GZ-NBR - 109E07";"SET";"R22.B5.04";"0"
"80001837";"D-PLATE GASKET MTRL GZ-NBR - 109E08";"PC";"R09.B4.03";"0"
"80001838";"COUPLING S-FLEX 6J TYPE";"PC";"R09.B2.03";"0"
"80001839";"COUPLING S-FLEX 5J TYPE";"PC";"R09.B2.03";"0"
"80001846";"E-PLATE GASKET MTRL NBR - 109E11";"SET";"R22.B5.04";"0"
"80001847";"E-PLATE GASKET MTRL NBR - 109E07";"PC";"R22.B4.04";"0"
"80001849";"PT C/W LED DISPLAY 0-25BAR PF2653";"PC";"AC.H2.09";"0"
"80001852";"FELT RING INVCP32/160C-400";"PC";"R14.B1.03";"0"
"80001853";"FELT RING INVCP32/160C-600";"PC";"R14.B1.03";"0"
"80001854";"FELT RING INVCP40/160C-100";"PC";"R14.B1.03";"0"
"80001856";"FELT RING INVCP40/160C-800";"PC";"R14.B1.03";"0"
"80001857";"FILLER (GRID 300X750) PP HAMON";"PC";"R17.B1.05";"0"
"80001858";"FILLER (GRID 750X750) PP HAMON";"PC";"R17.B2.04";"0"
"80001859";"FILTER ELEMENT AF-500HF AIR COMP";"PC";"R04.B1.01";"0"
"80001860";"FILTER ELEMENT AF-500PF AIR COMP";"PC";"R04.B1.01";"0"
"80001861";"C/W 1199WDA95AFFWG4DA00Z, FLANGE SEAL";"UN";"AC.H2.27";"0"
"80001864";"FLEX ELEMENT F/DRIVE SHAFT HAMON";"SET";"R09.B5.03";"0"
"80001865";"FLEX HOSE 8813-01-148 ROLLOMAT";"PC";"R18.B4.02";"0"
"80001866";"FLEX HOSE W/ FLANGE 8813-01-147 ROLLOMAT";"PC";"R18.B4.02";"0"
"80001867";"FLTR ELEMENT HANKISON AF-500CFE AIR COMP";"PC";"R04.B4.02";"0"
"80001868";"FLUSH FLTR+GASKET KIT GTDCF0018099725MU";"PC";"R10.B3.04";"0"
"80001869";"GASKET (1005/079455070) NEA COMP";"PC";"R26.B4.03";"0"
"80001870";"GASKET (1011/095455086) NEA COMP";"PC";"R26.B5.04";"0"
"80001871";"GASKET (6028/1-010-004199) NEA COMP";"PC";"R26.B6.05";"0"
"80001872";"GASKET 37/29X2-WE (1-010-005992)NEA COMP";"PC";"R26.B4.04";"0"
"80001873";"GASKET (009462012) NEA COMP";"PC";"R26.B4.04";"0"
"80001874";"GASKET (009462012) NEA COMP";"PC";"R26.B4.04";"0"
"80001875";"GASKET (009462013) NEA COMP";"PC";"R26.B4.04";"0"
"80001876";"GASKET (7003/009462013) NEA COMP";"PC";"R26.B4.04";"0"
"80001877";"GASKET (5040/009462013) NEA COMP";"PC";"R26.B4.04";"0"
"80001878";"GASKET (4002/011462004) NEA COMP";"PC";"R26.B4.04";"0"
"80001879";"GASKET (1009/095456264) NEA COMP";"PC";"R26.B6.05";"0"
"80001880";"GASKET (1027/095456323) NEA COMP";"PC";"R26.B4.03";"0"
"80001881";"GASKET (1030/1-010-000586) NEA COMP";"PC";"R26.B5.03";"0"
"80001882";"GASKET (4011/1-010-004196) NEA COMP";"PC";"R26.B5.03";"0"
"80001883";"GASKET (5002/1-010-004197) NEA COMP";"PC";"R26.B5.03";"0"
"80001884";"GASKET (7006/1-010-004200) NEA COMP";"PC";"R26.B5.03";"0"
"80001885";"GASKET (1-010-004513) NEA COMP";"PC";"R26.B4.03";"0"
"80001886";"GASKET (1-010-004514) NEA COMP";"PC";"R26.B4.03";"0"
"80001887";"GASKET (1014/1-010-006285) NEA COMP";"PC";"R26.B6.03";"0"
"80001888";"GASKET (5052/1-010-010082) NEA COMP";"PC";"R26.B6.03";"0"
"80001889";"GASKET D70/92X10,8 (1352616) 101P01/03";"PC";"R08.B4.03";"0"
"80001890";"GASKET 1352616 VLV BLOCK 101P02";"PC";"R17.B6.03";"0"
"80001891";"GASKET 400.01 NTT125-200";"PC";"R08.B5.03";"0"
"80001892";"GASKET 400.03 NTT125-200";"PC";"R08.B5.03";"0"
"80001893";"GASKET 400.1 INVCP32/160C-200";"PC";"R14.B4.03";"0"
"80001896";"GASKET 400.1 INVCP40/160C-100";"PC";"R14.B4.03";"0"
"80001899";"GASKET 400.2 INVCP32/160C-200";"PC";"R14.B4.03";"0"
"80001902";"GASKET 400.2 INVCP40/160C-100";"PC";"R14.B1.04";"0"
"80001905";"GASKET COND. PIPING COMPLITE";"SET";"R26.B3.02";"0"
"80001906";"GASKET COOLING WTR PIPING SET";"SET";"R26.B4.03";"0"
"80001908";"JOINT RING D64/86X10,8(E204476)101P01/03";"PC";"R08.B4.03";"0"
"80001909";"JOINT RING D64/86X10,8 (E204476) 101P02";"PC";"R08.B4.03";"0"
"80001910";"GASKET D57/89X10,8 (E204477) 101P01/03";"PC";"R08.B4.03";"0"
"80001911";"GASKET D67/89X10,8 (E204477) 101P02";"PC";"R08.B4.03";"0"
"80001913";"GASKET GAS PIPING MAKE UP SET NEA COMP";"SET";"R26.B4.01";"0"
"80001914";"GASKET GAS PIPING RECYCLE SET NEA COMP";"SET";"R26.B2.02";"0"
"80001916";"GASKET KIT CR/N45/64 FKM 109PF1078/16";"PC";"R08.B2.03";"0"
"80001918";"GASKET D17/22X2 (L102235) 101P01/03";"PC";"R08.B4.03";"0"
"80001919";"GASKET LEAK. PIPING SET NEA COMP";"SET";"R26.B5.02";"0"
"80001920";"PART KIT LIQUIFLO H7FL6PEEU000069 - 104P";"SET";"R19.B2.03";"0"
"80001921";"GASKET- S0-09462012";"PC";"R26.B4.04";"0"
"80001922";"GASKET (009462013) NEA COMP";"PC";"R26.B4.04";"0"
"80001923";"GASKET (6049/009462013) NEA COMP";"PC";"R26.B4.04";"0"
"80001924";"GASKET (1032/050456030) NEA COMP";"PC";"R26.B6.03";"0"
"80001925";"GASKET (1044/079456229) NEA COMP";"PC";"R26.B6.03";"0"
"80001926";"GASKET (1055/095455068) NEA COMP";"PC";"R26.B5.04";"0"
"80001927";"GASKET (2006/095456265) NEA COMP";"PC";"R26.B6.04";"0"
"80001928";"GASKET (1024/095456321) NEA COMP";"PC";"R26.B4.05";"0"
"80001929";"GASKET (1036/1-010-001903) NEA COMP";"PC";"R26.B5.04";"0"
"80001936";"GEAR OIL OMALA S2 G 150 SHELL";"DR";"Chem Storage";"0"
"80001938";"GEAR OIL OMALA S2 G 320 SHELL";"DR";"Chem Storage";"0"
"80001939";"CH.VALVE KIT PUMP YONJOU JXM-A85/1/PVC/C";"SET";"R15.B1.03";"0"
"80001940";"GLAND PACK 461.01 NIT440-250 ALLWEILER";"PC";"R11.B4.02";"0"
"80001941";"GLAND PACK 461.01 NTT150-250 ALLWEILER";"PC";"R08.B5.03";"0"
"80001943";"GLAND PACKING NTT125-200";"PC";"R08.B5.03";"0"
"80001944";"GLOBE VLV Y DN12 PN40 BW ARI";"PC";"R21.B6.03";"0"
"80001945";"GLOBE VLV Y DN125 PN40 BW ARI";"PC";"R21.B3.01";"0"
"80001946";"GLOBE VLV Y DN20 PN16 NODULAR IRON AIR";"PC";"R21.B6.03";"0"
"80001947";"GLOBE VLV Y DN20 PN40 BW ARI";"PC";"R21.B6.03";"0"
"80001948";"GLOBE VLV Y DN25 PN40 BW ARI";"PC";"R21.B6.03";"0"
"80001950";"GLOBE VLV Y DN40 PN40 BW ARI";"PC";"R21.B6.03";"0"
"80001951";"GLOBE VLV Y DN50 PN40 BW ARI";"PC";"R21.B6.03";"0"
"80001952";"GLOBE VLV Y DN65 PN40 BW ARI";"PC";"R21.B6.03";"0"
"80001953";"GLOBE VLV Y DN80 PN40 BW ARI";"PC";"R21.B6.03";"0"
"80001954";"GLOVE VLV Y DN32 PN40 BW ARI";"PC";"R21.B6.03";"0"
"80001956";"GREASEPRECISION XL EMB AIR COMP";"PC";"R04.B3.04";"0"
"80001957";"GRID SUPPORT 135X60 HAMON";"PC";"R17.B3.03";"0"
"80001958";"GROOVE BALL BRG321 ETANORM PRIM PUMP TOH";"PC";"R14.B3.03";"0"
"80001959";"GROOVE BALL BRG321 ETANORM SECND PUMPTOH";"PC";"R02.B1.04";"0"
"80001960";"GUIDE BUSH 134006 STUFFING BOX 101P02";"PC";"R08.B4.02";"0"
"80001961";"GUIDE BUSH D75/94X18 (1345891) 101P02";"PC";"R08.B4.02";"0"
"80001962";"GUIDE BUSH D80/99X18 (Z012298) 101P01/03";"PC";"R08.B3.02";"0"
"80001963";"GUIDE BUSH D80/107X61(Z012311) 101P01/03";"PC";"R08.B3.02";"0"
"80001964";"GUIDE RING 3RD (1-079-007351) NEA COMP";"PC";"R26.B3.03";"0"
"80001965";"GUIDE RING 4TH (1-079-007353) NEA COMP";"PC";"R26.B3.03";"0"
"80001966";"GUIDE RING 2ND (1-079-007349) NEA COMP";"PC";"R26.B3.03";"0"
"80001967";"GUIDED RADARFMP51-AAACCABCC3AGJ+Z1 650MM";"PC";"AC.H2.03";"0"
"80001968";"GUIDED RADAR FMP51-AAACCABCC3AGJ+Z1 3M";"PC";"AC.H2.05";"0"
"80001969";"GUIDED RADAR FMP54-AAACCABAD1AGJ+Z1 1,5M";"PC";"AC.FL 01";"0"
"80001970";"HAND GREASE PUMP 500CC TEKIRO";"SET";"R29.B6.04";"0"
"80001971";"HARDWARE KIT F/DRIVE SHAFT HAMON";"SET";"R17.B2.03";"0"
"80001976";"HV FUSE XRNP1 UNIGEAR 550HV-FUSE ABB";"EA";"R18.B4.02";"0"
"80001978";"HYD OIL TELLUS S2 M 46 SHELL";"DR";"C47";"0"
"80001979";"HYD OIL TELLUS S2 M 68 SHELL";"DR";"CY";"0"
"80001980";"PRESSRUE SWITCHPN7000 IFM 0-400BAR  G1/4";"PC";"AC.H2.09";"0"
"80001981";"PT IFM 0-400BAR PA3020 CONNECTION G1/4";"PC";"AC.H2.09";"0"
"80001982";"IDLER BUSHING R35 PN.693146 - 115P01";"PC";"R18.B2.05";"0"
"80001983";"IDLER R40 PN.502140 - 115P02";"PC";"R18.B2.05";"0"
"80001984";"IMPELLER 1101P01A/B";"PC";"R14.B5.02";"0"
"80001985";"IMPELLER 1110P01A/B";"PC";"R14.B4.02";"0"
"80001986";"IMPELLER 1115P01A/B";"PC";"R14.B4.02";"0"
"80001987";"IMPELLER 1145P02A/B";"PC";"R14.B4.02";"0"
"80001988";"IMPELLER 1147P01";"PC";"R14.B4.02";"0"
"80001989";"IMPELLER 1152P01";"PC";"R14.B5.02";"0"
"80001990";"IMPELLER 1225P03A/B";"PC";"R14.B5.02";"0"
"80001991";"IMPELLER 1302P01A/B";"PC";"R14.B4.02";"0"
"80001992";"IMPELLER 152MM INVCP32/160C-200";"PC";"R14.B5.02";"0"
"80001993";"IMPELLER 153MM INVCP32/160C-400";"PC";"R14.B5.02";"0"
"80001995";"IMPELLER 170MM INVCP40/160C-100";"PC";"R14.B5.02";"0"
"80001996";"IMPELLER 174MM INVCP40/160C-300";"PC";"R14.B5.02";"0"
"80001998";"IMPELLER ETNY 040-025-160";"PC";"R14.B4.02";"0"
"80001999";"IMPELLER MCPK040-025-160";"PC";"R14.B5.02";"0"
"80002000";"IMPELLER MCPK050-032-1601";"PC";"R14.B5.02";"0"
"80002001";"IMPELLER MCPK065-040-250";"PC";"R14.B4.02";"0"
"80002002";"IMPELLER MCPK100-065-250";"PC";"R14.B5.02";"0"
"80002003";"IMPELLER NUT 1101P01A/B";"PC";"R14.B2.05";"0"
"80002004";"IMPELLER NUT 1110P01A/B";"PC";"R14.B2.05";"0"
"80002005";"IMPELLER NUT 1115P01A/B";"PC";"R14.B2.05";"0"
"80002006";"IMPELLER NUT 1133P01A/B";"PC";"R27.B6.03";"0"
"80002007";"IMPELLER NUT 1145P02A/B";"PC";"R14.B2.05";"0"
"80002008";"IMPELLER NUT 1147P01";"PC";"R14.B2.05";"0"
"80002009";"IMPELLER NUT 1152P01";"PC";"R14.B2.05";"0"
"80002010";"IMPELLER NUT 1225P03A/B";"PC";"R14.B2.05";"0"
"80002011";"IMPELLER NUT 1302P01A/B";"PC";"R14.B2.05";"0"
"80002012";"IMPELLER NUT INVCP32/160C-200";"PC";"R14.B2.05";"0"
"80002013";"IMPELLER NUT INVCP32/160C-400";"PC";"R14.B2.05";"0"
"80002014";"IMPELLER NUT INVCP32/160C-600";"PC";"R14.B2.05";"0"
"80002015";"IMPELLER NUT INVCP40/160C-100";"PC";"R14.B2.05";"0"
"80002016";"IMPELLER NUT INVCP40/160C-300";"PC";"R14.B2.05";"0"
"80002017";"IMPELLER NUT INVCP40/160C-800";"PC";"R14.B2.05";"0"
"80002018";"IMPELLER NUT MCPK050-032-1601";"PC";"R14.B2.05";"0"
"80002020";"IMPELLER RING 1101P01A/B";"PC";"R08.B4.04";"0"
"80002021";"IMPELLER RING 1110P01A/B";"PC";"R14.B2.04";"0"
"80002022";"IMPELLER RING 1115P01A/B";"PC";"R14.B2.04";"0"
"80002023";"IMPELLER RING 1133P01A/B";"PC";"R14.B2.04";"0"
"80002024";"IMPELLER RING 1145P02A/B";"PC";"R14.B2.04";"0"
"80002025";"IMPELLER RING 1147P01";"PC";"R14.B2.04";"0"
"80002026";"IMPELLER RING 1152P01";"PC";"R14.B2.04";"0"
"80002027";"IMPELLER RING 1225P03A/B";"PC";"R14.B2.04";"0"
"80002028";"IMPELLER RING 1302P01A/B";"PC";"R14.B2.04";"0"
"80002031";"CH.VALVE KIT PUMP YONJOU JXM-A130/1/PVDF";"SET";"R15.B1.03";"0"
"80002032";"CH.VALVE KIT PUMP YONJOU JWM-B15/0.8/PVC";"SET";"R15.B1.03";"0"
"80002033";"2051TA1A2B21BB4M5D4Q4, INLINE PRESSURET";"UN";"AC.H2.08";"0"
"80002034";"JOIN RING SET 1101P01A/B";"SET";"R14.B1.04";"0"
"80002035";"JOIN RING SET 1115P01A/B";"SET";"R14.B1.04";"0"
"80002036";"JOIN RING SET 1225P03A/B";"SET";"R14.B1.04";"0"
"80002037";"JOIN SLEEVE 405 119P011";"PC";"R15.B4.05";"0"
"80002038";"JOIN SLEEVE 405 119P017";"PC";"R15.B4.05";"0"
"80002039";"JOIN SLEEVE 405 119P023";"PC";"R15.B4.05";"0"
"80002040";"JOINT RING 411.10 ETNY 040-025-160";"PC";"R14.B1.04";"0"
"80002041";"JOINT RING 411.15 ETNY 040-025-160";"PC";"R14.B1.04";"0"
"80002043";"JOINT RING SET 1110P01A/B";"SET";"R14.B1.04";"0"
"80002044";"JOINT RING SET 1112P01";"SET";"R14.B1.04";"0"
"80002046";"JOINT RING SET 1145P02A/B";"SET";"R14.B1.04";"0"
"80002047";"JOINT RING SET 1147P01";"SET";"R14.B1.04";"0"
"80002048";"JOINT RING SET 1152P01";"SET";"R14.B1.04";"0"
"80002049";"JOINT RING SET 1302P01A/B";"SET";"R08.B4.04";"0"
"80002051";"ANALOG OUT MODULE AAI 543-H50/K4A00";"PC";"C.AC.01.03";"0"
"80002052";"KD350-BDK - BALANCE DISC KIT";"PC";"R20.B6.01";"0"
"80002053";"KD350-MSK - MECHANICAL SEAL KIT";"PC";"R06.B4.03";"0"
"80002054";"KEY 065 BFV SEAT F611 BUNA-N";"PC";"R09.B3.02";"0"
"80002055";"KEY 100 BFV SEAT F611";"PC";"R09.B3.02";"0"
"80002056";"KEY 100 BFV SEAT F611 BUNA-N";"PC";"R09.B3.02";"0"
"80002057";"KEY 125 BFV SEAT F611";"PC";"R09.B3.02";"0"
"80002058";"KEY 125 BFV SEAT F611 BUNA-N";"PC";"R09.B3.02";"0"
"80002059";"KEY 150 BFV SEAT F611 BUNA-N";"PC";"R09.B3.02";"0"
"80002060";"KEY 200 BFV SEAT F611 BUNA-N";"PC";"R09.B3.02";"0"
"80002061";"KH350-CBK - CENTER BEARING KIT";"PC";"R06.B4.03";"0"
"80002062";"KH350-TBK - THRUST BEARING KIT";"PC";"R06.B4.03";"0"
"80002063";"KIT 10FUSES 250 VAC T 2A00";"PC";"AC.H2.01";"0"
"80002064";"KIT 5012.1101 PSV-11703";"PC";"R03.B3.03";"0"
"80002065";"KIT 5012.1101 PSV-11704";"PC";"R03.B3.03";"0"
"80002066";"KIT 5012.1101 PSV-1201";"PC";"R03.B3.03";"0"
"80002067";"KIT 5012.1101 PSV-SM01";"PC";"R03.B3.03";"0"
"80002068";"KIT 5012.1102 PSV-11701/11702";"PC";"R03.B3.03";"0"
"80002069";"KIT 5012.1105 PSV-NN06";"PC";"R03.B3.03";"0"
"80002070";"KIT 5012.1107 PSV-NN02";"PC";"R03.B3.03";"0"
"80002071";"KIT 5012.1109 PSV-NN01/NG01";"PC";"R03.B3.03";"0"
"80002072";"KIT 5012.1114 PSV-NN03/PSV-SL02";"PC";"R03.B3.03";"0"
"80002073";"KIT BALL VLV NAOH HCL PUMP";"UN";"R03.B1.04";"0"
"80002074";"KIT BUS/CONNEC.B.5X/40/8X/65 50094016 EH";"PC";"AC.H2.01";"0"
"80002075";"50098301-KIT COM 53/55/83/93";"PC";"AC.H2.12";"0"
"80002077";"KIT DISPLAY MODULE 50096754 EH";"PC";"AC.H2.01";"0"
"80002078";"DSC SENSOR PROWIRL72 STANDARD 50103479EH";"PC";"AC.H2.12";"0"
"80002079";"DSC-SENSOR PW72/77 C22 3.1 50103482EH";"PC";"AC.H2.12";"0"
"80002080";"DSC SENSOR PROWIRL73 HP 3.1 71117952 EH";"PC";"AC.H2.22";"0"
"80002081";"KIT I/O-BOARD PROWIRL 72/73 50103477 EH";"PC";"AC.G2.03";"0"
"80002082";"KIT IMPELLER AMAREX NF50-220-1";"SET";"R14.B4.02";"0"
"80002083";"KIT MEAS AMPLIFIER PW72 EX 50103475 EH";"PC";"AC.G2.03";"0"
"80002084";"KIT MEAS AMPLIFIER PMAG 53SEA 50106087EH";"PC";"AC.H2.01";"0"
"80002085";"CARD PCB PSU 50/51/53, 319084-0200C EH";"PC";"AC.H2.01";"0"
"80002086";"KIT PREAMPLIFIER PW 72/73 50103474 EH";"PC";"AC.H2.01";"0"
"80002087";"KIT T-DAT TRANSMITTER DATA CHIP 50094004";"PC";"AC.H2.06";"0"
"80002088";"KIT TERMIN.BLOCK FIELD HOUS 50108139";"PC";"AC.H2.06";"0"
"80002089";"TERMINAL BLOCK PW 72/73/92F 50108141 EH";"PC";"AC.H2.01";"0"
"80002093";"""LS EH FTL51-GAE2BB8G5A+Z1 2""""AN150 200MM""";"PC";"AC.H2.10";"0"
"80002096";"""LS EH FTL71-FAG2BB8G5AL+Z1 2""""AN150 300MM""";"PC";"AC.H2.07";"0"
"80002098";"""LS EH FTL71-AYY9BE4G5AN+Z1;400MM3""""AN150""";"PC";"AC.H2.21";"0"
"80002100";"""LT EHFMP51-BBACCAACC3ASJ+Z1;1,55M3""""AN300""";"PC";"AC.FL 01";"0"
"80002101";"LT EH FMP54-AAACCALAD1AGJ+OCZ1 ;15970MM";"PC";"AC.FL 01";"0"
"80002108";"MEMBRAN PUMP YONJOU JXM-A130/1/PVDF/C";"PC";"R15.B1.03";"0"
"80002109";"LOCKING CAP 72X9,,SIEMENS,MF1002A";"PC";"AC.H2.09";"0"
"80002112";"LUB. OIL L-TSA 46 TURBO T46";"DR";"Chem Storage";"0"
"80002113";"LUB.OIL FILTR+GASKET KIT GTD2160G25A000M";"PC";"R10.B3.03";"0"
"80002116";"MAIN AIR FILTER 88290020-337 AIR COMP";"PC";"R04.B3.01";"0"
"80002117";"MAINT KIT AMAREX NF50-220-1";"SET";"R14.B1.04";"0"
"80002118";"MAINT KIT AMAREX NF50-220-2";"SET";"R14.B1.04";"0"
"80002119";"MEMBRAN PUMP YONJOU JWM-B15/0.8/PVC/C";"PC";"R15.B1.03";"0"
"80002120";"MECH SEAL 1101P01A/B";"PC";"R23.B6.03";"0"
"80002121";"MECH SEAL 1103P01A/B";"PC";"R23.B6.03";"0"
"80002123";"MECH SEAL 1108P01A/B";"PC";"R07.B3.02";"0"
"80002124";"MECH SEAL 1110P01A/B";"PC";"R23.B6.03";"0"
"80002125";"MECH SEAL 1112P01";"PC";"R07.B2.03";"0"
"80002127";"MECH SEAL 1115P01A/B";"PC";"R07.B3.02";"0"
"80002128";"MECH SEAL 1118P01A/B";"PC";"R07.B5.03";"0"
"80002129";"MECH SEAL 1120P01";"PC";"R07.B2.01";"0"
"80002133";"O-RING-P** PN.07000-12130 - WA380Z-6";"PC";"R04.B3.03";"0"
"80002139";"MECH SEAL 1145P02A/B";"PC";"R07.B2.03";"0"
"80002141";"MECH SEAL 1148P01A";"PC";"R07.B2.03";"0"
"80002143";"MECH SEAL 1201P01-1";"PC";"R07.B2.03";"0"
"80002144";"MECH SEAL 1201P02A/B1";"PC";"R07.B2.03";"0"
"80002146";"MECH SEAL 1207P01A/B";"PC";"R23.B6.03";"0"
"80002147";"MECH SEAL 1211P01A/B";"PC";"R23.B6.03";"0"
"80002148";"MECH SEAL 1213P01A/B";"PC";"R07.B2.03";"0"
"80002149";"MECH SEAL 1219P01A/B";"PC";"R07.B1.01";"0"
"80002150";"MECH SEAL CATRIDGE 43MM";"PC";"R07.B5.02";"0"
"80002155";"MECH SEAL 1302P01A/B";"PC";"R07.B2.01";"0"
"80002156";"MECH SEAL 1304P01A/B";"PC";"R07.B1.01";"0"
"80002159";"MECH SEAL 1310P01A/B";"PC";"R08.B4.02";"0"
"80002160";"MECH SEAL 1401P01";"PC";"R07.B2.03";"0"
"80002161";"MECH SEAL 1401P02A";"PC";"R07.B2.03";"0"
"80002162";"MECH SEAL 2100/0320/K/M 119P003A/B";"PC";"R07.B5.03";"0"
"80002163";"MECH SEAL 300 119P011";"PC";"R07.B1.04";"0"
"80002164";"MECH SEAL 300 119P017";"PC";"R07.B1.04";"0"
"80002165";"MECH SEAL 300 119P023";"PC";"R07.B1.04";"0"
"80002166";"MECH SEAL 433 ETATORM RST PRIM PUMP TOH";"PC";"R07.B2.03";"0"
"80002167";"MECH SEAL 433 ETATORM RST SECND PUMP TOH";"PC";"R07.B2.03";"0"
"80002168";"MECH SEAL 433 ETNY 040-025-160";"PC";"R07.B3.04";"0"
"80002169";"MECH SEAL 433.01 NIT440-250 ALLWEILER";"PC";"R07.B5.03";"0"
"80002170";"MECH SEAL 110P09";"PC";"R07.B4.02";"0"
"80002173";"MECH SEAL MCPK040-025-160";"PC";"R07.B2.03";"0"
"80002174";"MECH SEAL MCPK050-032-160";"PC";"R07.B2.03";"0"
"80002178";"MECH SEAL MCPK-100-065-250";"PC";"R07.B2.03";"0"
"80002179";"MECH SEAL MIXER 31.75MM NEUTRONE AGT1147";"UN";"R07.B1.03";"0"
"80002180";"MECH SEAL MIXER 31.8MM NEUTRONE AGT1118";"UN";"R07.B1.03";"0"
"80002181";"MECH SEAL MIXER 41.27 NEUTRONE AGT1104";"UN";"R07.B1.03";"0"
"80002182";"MECH SEAL MIXER 45MM NEUTRONE AGT1112";"UN";"R07.B1.03";"0"
"80002183";"MECH SEAL MS AMAREX NF50-220-1";"PC";"R07.B3.04";"0"
"80002184";"MECH SEAL MS AMAREX NF50-220-2";"PC";"R07.B3.04";"0"
"80002185";"MECH SEAL 105P21/23/24/110P05-08/107P23";"PC";"R07.B4.03";"0"
"80002186";"MECH SEAL OMEGA300-560ASBGF";"SET";"R07.B4.02";"0"
"80002187";"MECH SEAL PS AMAREX NF50-220-1";"PC";"R07.B3.04";"0"
"80002188";"MECH SEAL PS AMREX NF50-220-2";"PC";"R07.B3.04";"0"
"80002189";"MECH SEAL 1130P01";"PC";"R23.B6.03";"0"
"80002190";"MECH SEAL 1132P01";"PC";"R07.B2.01";"0"
"80002191";"MECH SEAL 1133P01A/B";"PC";"R07.B2.01";"0"
"80002192";"MIM GASKET VBFX 88016 001 C08-111P05";"PC";"R10.B3.02";"0"
"80002193";"MIM GASKET VBF 000 010 860 X64-111P05";"PC";"R10.B3.02";"0"
"80002194";"MINOR REPAIR KIT AFI-F40R38 INTEC";"PC";"R08.B5.02";"0"
"80002198";"MUR HYD CONNECT 109F1016A";"PC";"R18.B3.04";"0"
"80002199";"PLATE 12MM X 1500MM X 6000MM SA-36";"PC";"BELAKANG WH";"0"
"80002200";"PLATE 20MM X 1500MM X 6000MM SA-36";"PC";"BELAKANG WH";"0"
"80002201";"NECK RING OMEGA300-560ASBGF";"SET";"R14.B1.02";"0"
"80002206";"NORMAL PALTE GASKET AGZ-NBR 109F1081/16";"PC";"R22.B3.03";"0"
"80002207";"NORMAL PLATE GASKET AGZ-NBR 109F1016A";"PC";"R22.B5.04";"0"
"80002208";"NORMAL PLATE GASKET MTRL AGZ-NBR -109E11";"PC";"R22.B4.03";"0"
"80002209";"NORMAL PLATE GASKET MTRL AGZ-NBR -109E07";"PC";"R22.B4.03";"0"
"80002210";"NORMAL PLATE GASKET MTRL AGZ-NBR -109E10";"PC";"R22.B4.03";"0"
"80002211";"NORMAL PLATE GASKET MTRL AGZ-NBR -109E08";"PC";"R22.B2.02";"0"
"80002212";"NOZZLE SPRAYER SET HAMON";"SET";"R17.B3.03";"0"
"80002214";"OIL SEAL SET F/SPEED REDUCER HAMON";"SET";"R17.B2.03";"0"
"80002215";"OIL SLINGER (009637007) NEA COMP";"PC";"R26.B6.03";"0"
"80002216";"IN.PART OIL WIPER PACK(1-087-000577)NEA";"PC";"R25.B5.04";"0"
"80002217";"DP TRANSMITTER ABB 266DSHFSS -40+40KPA";"PC";"AC.G1.12";"0"
"80002218";"DP TRANSMITTER ABB266DSH G SS -65+65KPA";"PC";"AC.G2.18";"0"
"80002219";"""GASKET SPIRAL WOND KLINGER 316 10""""300#RF""";"PC";"AC.G2.01";"0"
"80002220";"""GASKET SPIRAL WOND KLINGER 316 12""""300#RF""";"PC";"AC.G2.02";"0"
"80002221";"""GASKET SPIRAL WOND KLINGER 316 16""""300#RF""";"PC";"AC.G2.01";"0"
"80002222";"""GASKET SPIRAL WOND KLINGER 316 3""""300#RF""";"PC";"AC.G2.02";"0"
"80002223";"""GASKET SPIRAL WOND KLINGER 316 6""""300#RF""";"PC";"AC.G2.02";"0"
"80002224";"""GASKET SPIRAL WOND KLINGER 316 8""""300#RF""";"PC";"AC.G2.01";"0"
"80002225";"""GASKET SPIRAL WOND KLINGER 316 2""""300#RF""";"PC";"AC.G2.02";"0"
"80002226";"PRESSURE SWITCH WISE P941 0-15BAR";"PC";"AC.G1.09";"0"
"80002227";"PRESSRUE SWITCH WISE P953 0,027-0,15BAR";"PC";"AC.G1.01";"0"
"80002230";"GUIDEDRADAR ELECTRONIC MODULE MT5 C2 15M";"PC";"R25.B5.04";"0"
"80002231";"LT DP-266DDH.M.S.S.A.1.A.1-.L1.I1.C1.H3";"PC";"AC.G2.18";"0"
"80002234";"CONDUCTIVITY TRASNMITTER ABBTB82TE";"PC";"AC.G1.07";"0"
"80002238";"NONCONTACT RADAR MODELNO PS63.XXNAIHAJXX";"PC";"AC.G2.27";"0"
"80002239";"""OLEOP2 ORIFICE FLOW GASKET 10"""" #300 RF""";"PC";"AC.G2.01";"0"
"80002240";"""GASKET SPIRAL WOND KLINGER316 1,5""""300#RF""";"PC";"AC.G2.02";"0"
"80002241";"""GASKET SPIRAL WOND KLINGER 316 18""""300#RF""";"PC";"AC.G2.01";"0"
"80002242";"""OLEOP2 ORIFICE FLOW GASKET 2"""" #300 RF""";"PC";"AC.G2.02";"0"
"80002243";"""OLEOP2 ORIFICE FLOW GASKET 3"""" #300 RF""";"PC";"AC.G2.02";"0"
"80002244";"""GASKET SPIRAL WOND KLINGER 316 4""""300#RF""";"PC";"AC.G2.02";"0"
"80002245";"""OLEOP2 ORIFICE FLOW GASKET 6"""" #300 RF""";"PC";"AC.G2.02";"0"
"80002246";"""OLEOP2 ORIFICE FLOW GASKET 8"""" #300 RF""";"PC";"AC.G2.01";"0"
"80002247";"""GASKET SPIRAL WOND KLINGER 316 1""""300#RF""";"PC";"AC.G2.02";"0"
"80002248";"DP TRANSMITTER ABB 266DSHESS -16+16KPA";"PC";"AC.G1.09";"0"
"80002249";"DP TRANSMITTER ABB 266DSHHSS -160+160KPA";"PC";"AC.G1.10";"0"
"80002250";"SENSOR ORP ABB MODEL TB556.5.0.3.15.F.20";"PC";"AC.G1.07";"0"
"80002251";"SENSOR PH ABB MODEL TB556.J.3.3.15.F.20";"PC";"AC.G1.07";"0"
"80002252";"PT ABB 266HSHMSTA1 0,07KPA-600KPA ABS";"PC";"AC.G1.11";"0"
"80002253";"OLEOP2 PRESS TRANSMT 266HDH.V.R.M.A";"PC";"AC.FL 01";"0"
"80002255";"GAS DETECTORPOLYTRON8700 W/SENSORPIR7000";"PC";"AC.G1.06";"0"
"80002256";"DP TRANSMITTER ABB266DSHESS -16+16KPA";"PC";"AC.G1.03";"0"
"80002257";"H2 GAS DETECTOR MODEL 8200 D D SS";"PC";"AC.G1.01";"0"
"80002258";"""OLEOP3 ORIFICE FLOW SWGASKET 2"""" #300 RF""";"PC";"AC.G2.02";"0"
"80002260";"""GASKET SPIRAL WOND 6""""300#RF C/W GRAPHITE""";"PC";"AC.G2.02";"0"
"80002261";"""GASKET SPIRALWOUND 4""""300#RF C/W GRAPHITE""";"PC";"AC.G2.02";"0"
"80002265";"O-RING (0-010-000041) NEA COMP";"PC";"R26.B4.04";"0"
"80002266";"O-RING (3024/009449016) NEA COMP";"PC";"R26.B4.04";"0"
"80002267";"O-RING (2018/095449159) NEA COMP";"PC";"R26.B4.04";"0"
"80002268";"O-RING (5046/1-010-002998) NEA COMP";"PC";"R26.B4.04";"0"
"80002269";"O-RING (1017/1-010-003843) NEA COMP";"PC";"R26.B4.04";"0"
"80002270";"O-RING (4044/1-010-005075) NEA COMP";"PC";"R26.B4.04";"0"
"80002271";"O-RING (4048/1-010-006370) NEA COMP";"PC";"R26.B4.04";"0"
"80002272";"O-RING (1049/190449158) NEA COMP";"PC";"R26.B4.04";"0"
"80002273";"O-RING 411+412 ETATORM RST PRIM PUMP TOH";"PC";"R14.B1.03";"0"
"80002274";"O-RING 412.55 ETNY 040-025-160";"PC";"R14.B1.03";"0"
"80002276";"O-RING F/ SPRAY NOZZLE-B FOR BEADING";"PC";"R17.B2.02";"0"
"80002277";"OR GASKT 3475 VCD 000 002 073 X71-111P05";"PC";"R10.B2.03";"0"
"80002278";"O-RING D97,79X5,33 (L110306) 101P02";"PC";"R08.B4.03";"0"
"80002279";"O-RING D94,92X2,62 (L110481) 101P02";"PC";"R08.B4.03";"0"
"80002280";"O-RING D101,27X2,62 (L111763) 101P01/03";"PC";"R08.B4.03";"0"
"80002281";"O-RING D107,54X3,53 (L113042) 101P01/03";"PC";"R08.B4.03";"0"
"80002282";"O-RING OMEGA300-560ASBGF";"SET";"R14.B1.03";"0"
"80002283";"O-RING POS.40";"PC";"R18.B3.04";"0"
"80002284";"O-RING (079449153) NEA COMP";"PC";"R26.B4.04";"0"
"80002285";"O-RING411+412 ETATORM RST SECND PUMP TOH";"PC";"R14.B4.04";"0"
"80002287";"PACKING RING D75/94X9,5 (1346287) 101P02";"PC";"R08.B4.03";"0"
"80002288";"PACKING RING D75/87X6 (1346295) 101P02";"PC";"R08.B4.03";"0"
"80002289";"PACKING D80/99X9,5 (1394956) 101P01/03";"PC";"R08.B4.03";"0"
"80002290";"PACKING RING D80/92X6(1394964) 101P01/03";"PC";"R08.B4.03";"0"
"80002291";"PACKING 1-081-006387 NEA COMP";"SET";"R25.B5.04";"0"
"80002292";"PACKING SET R40 PN.646035 - 115P01";"PC";"R18.B2.05";"0"
"80002293";"PACKING SET R40 PN.646035 - 115P02";"PC";"R18.B2.05";"0"
"80002294";"IN.PART DISCH.VLV 4TH(1-062-004422S)NEA";"PC";"R26.B6.03";"0"
"80002295";"PART KIT BY PASS VLV  XV111-301 NEA COMP";"SET";"R26.B4.02";"0"
"80002296";"PART KIT BY PASS VLV  XV111-302 NEA COMP";"SET";"R26.B4.02";"0"
"80002297";"IN.PART SUCT.VLV 1ST(1-062-004415S) NEA";"SET";"R26.B3.03";"0"
"80002298";"PART KIT CH.VALVE RECYCLE NEA COMP";"SET";"R26.B4.02";"0"
"80002299";"PART KIT CYLINDER  LUBRICATOR 111P45";"SET";"R26.B2.03";"0"
"80002300";"PART KIT HYDROCOM";"SET";"FL 04";"0"
"80002301";"PART KIT SAFETY VALVE 1ST SV 111-41";"SET";"R26.B1.04";"0"
"80002302";"PART KIT SAFETY VALVE 1ST SV 111-63";"SET";"R26.B1.04";"0"
"80002303";"PART KIT SAFETY VALVE 2ND SV 111-65";"SET";"R26.B1.04";"0"
"80002304";"PART KIT SAFETY VALVE 3RD SV 111-67";"SET";"R26.B1.04";"0"
"80002305";"PART KIT SMALL TYPING HYDROCOM NEA COMP";"SET";"R26.B5.01";"0"
"80002306";"PART KIT FLTR 800+SLEEVE&GASKET NEA COMP";"SET";"R26.B4.02";"0"
"80002307";"IN.PSTON ROD PACK 3 CE(1-081-021056) NEA";"SET";"R26.B1.03";"0"
"80002308";"IN.PSTON ROD PACK 3 CE(1-081-021056) NEA";"SET";"R26.B1.03";"0"
"80002309";"IN.PISTON ROD PACK 3RD(1-081-021054) NEA";"SET";"R26.B1.03";"0"
"80002310";"PART SUCTION VALVE 1ST NEA COMP";"PC";"R26.B6.04";"0"
"80002311";"IN.PART SUCT.VLV 4TH (1-062-004421S) NEA";"PC";"R26.B4.03";"0"
"80002312";"PEDESTAL BEARING 22217 KAISER";"PC";"R02.B5.02";"0"
"80002313";"PEDESTAL BEARING 23026 KAISER";"PC";"R02.B5.02";"0"
"80002316";"PEDESTAL BRG UCP207 8813-01-011 ROLLOMAT";"PC";"R18.B4.02";"0"
"80002319";"PH TRANS LIQUILINE M CM42-CAA000EAE00 EH";"PC";"AC.H2.19";"0"
"80002325";"PISTON ROD 2ND (5033/1-080-001158) NEA";"PC";"FL 05";"0"
"80002326";"PISTON GASKET SET NAOH HCL PUMP";"SET";"R03.B1.04";"0"
"80002327";"PISTON NAOH HCL PUMP";"UN";"R05.B2.03";"0"
"80002328";"PISTON RING 2ND (1-079-007348) NEA COMP";"PC";"R26.B3.03";"0"
"80002329";"PISTON RING 3RD (1-079-007350) NEA COMP";"SET";"R25.B5.04";"0"
"80002330";"PISTON RING 4TH (1-079-007352) NEA COMP";"PC";"R25.B5.04";"0"
"80002331";"PISTON ROD (4035/1-080-001157) NEA COMP";"PC";"FL 05";"0"
"80002332";"PISTON ROD 3RD (1-080-001159) NEA COMP";"PC";"FL 05";"0"
"80002333";"PISTON ROD 4TH (1-080-001160) NEA COMP";"PC";"FL 05";"0"
"80002334";"PISTON ROD PACKNG 1ST (1-081-021057) NEA";"PC";"R25.B5.01";"0"
"80002335";"IN.PART ROD PCKG 1ST(1-081-021058)NEA";"SET";"R26.B1.03";"0"
"80002336";"PISTON ROD PCKNG 3RD (1-081-021055) NEA";"SET";"R25.B5.01";"0"
"80002337";"PISTON ROD PACKNG 3RD (1-081-021053) NEA";"SET";"R26.B6.01";"0"
"80002338";"IN.PSTON ROD PACK 3 HE(1-081-021054) NEA";"SET";"R26.B1.03";"0"
"80002339";"PISTON ROD PACK (1-081-021055) NEA COMP";"SET";"R25.B6.01";"0"
"80002340";"PISTON ROD PACKING(1-081-021053)NEA COMP";"SET";"R25.B6.01";"0"
"80002341";"PISTON ROD PACKNG 2ND (1-081-021051) NEA";"PC";"R25.B5.01";"0"
"80002342";"IN.PISTON ROD PCK 2ND(1-081-021052)NEA";"SET";"R26.B1.03";"0"
"80002343";"PLAIN BRG 310 ETNY 040-025-160";"PC";"R14.B3.03";"0"
"80002344";"E-PLATE GASKET MTRL NBR - 109E09";"PC";"R22.B4.04";"0"
"80002345";"E-PLATE GASKET MTRL NBR - 109E08";"PC";"R22.B4.04";"0"
"80002346";"D-PLATE GASKET MTRL GZ-NBR - 109E09";"PC";"R09.B5.01";"0"
"80002349";"PLUNGER GUIDE 3525 K0 190 005 X11-111P05";"PC";"R10.B3.02";"0"
"80002350";"HYD HALF PLNGR 3928 A1 020 000KC6-111P05";"PC";"R10.B4.01";"0"
"80002351";"PLUNGER D75/28X305 (1346071) 101P02";"PC";"R08.B4.03";"0"
"80002352";"PLUNGER Z020706 STUFFING BOX 101P01/03";"PC";"R08.B4.03";"0"
"80002354";"PRESSURE MANIFOLD 0306RT12AA11 EMERSON";"UN";"AC.H2.04";"0"
"80002356";"PRESS ROLL BRG MODULE 2.0 KAISER";"PC";"R18.B3.04";"0"
"80002357";"EMERSON-PT-2088G3S22A2S1M5D4B4";"UN";"AC.H2.27";"0"
"80002358";"PRESS TRANSMT 2088A2S22A2M5D4B14 EMERSON";"UN";"AC.H2.04";"0"
"80002359";"PRESS TRANSMT 2088G2S22A2M5D4B4Q EMERSON";"UN";"AC.H2.04";"0"
"80002360";"PRESS TRANSMT 2088G4S22A2M5D4B4Q EMERSON";"UN";"AC.H2.04";"0"
"80002362";"PRESS CONTRL VLV FILTER 111-301 NEA COMP";"PC";"R26.B4.02";"0"
"80002363";"PRESSURE SWITCH 0,3BAR F1016A";"PC";"AC.H2.09";"0"
"80002364";"PRODUCT SCRAPPER 4555 KAISER";"PC";"R13.B2.05";"0"
"80002365";"PROF JOIN KIT AMAREX NF50-220-1";"SET";"R14.B1.03";"0"
"80002366";"PROF JOIN KIT AMAREX NF50-220-2";"SET";"R14.B1.03";"0"
"80002368";"PROXIMITY SENSOR, IIT 231";"SET";"AC.H2.09";"0"
"80002369";"PSV F01A-2 109PSV002";"PC";"R03.B3.03";"0"
"80002370";"PSV F78 DN40XDN65 109PSV019";"PC";"R03.B3.03";"0"
"80002371";"PULSE GENERATOR FSL 111-360 NEA COMP";"PC";"R26.B4.02";"0"
"80002372";"""PUMP ELEMENT 1/4"""" CYL.LUBE 111P45 NEACOM""";"PC";"R26.B5.01";"0"
"80002373";"""PUMP ELEMENT 3/6"""" CYL.LUBE 111P45 NEACOM""";"PC";"R26.B5.01";"0"
"80002374";"PUMP ELEMENT AFI-F40R38 INTEC";"PC";"R08.B5.02";"0"
"80002375";"PUMP ELEMENT AFT-T6450 INTEC";"PC";"R08.B5.02";"0"
"80002381";"RADIAL BALL BRG AMAREX NF50-220-1";"PC";"R14.B3.03";"0"
"80002382";"RADIAL BALL BRG AMAREX NF50-220-2";"PC";"R14.B3.03";"0"
"80002383";"RATCHET CLUTCH 8813-01-95 ROLLOMAT";"PC";"R18.B4.02";"0"
"80002384";"REPAIR KIT AFT-T6450 INTEC";"PC";"R08.B5.02";"0"
"80002388";"ROLLG BRG 30206 D720, SIEMENS,MF1002A";"PC";"AC.H2.09";"0"
"80002389";"ROLLG BRG 30306 D720,SIEMENS,MF1002A";"PC";"AC.H2.09";"0"
"80002390";"ROLLG BRG 6014-Z D625,SIEMENS,MF1002A";"PC";"AC.H2.09";"0"
"80002391";"ROPE SWITCH ,F1016A";"PC";"AC.H2.09";"0"
"80002393";"BEARING BUSH, P/N 545.2 , KSB B14B";"PC";"R14.B5.01";"0"
"80002394";"SAFETY VLV DN40X65 PN40/16 FLANGE CON";"PC";"R31.B2.01";"0"
"80002395";"SEAL AS 70X110X12NBR D37,SIEMENS,MF1002A";"PC";"AC.H2.09";"0"
"80002396";"SEAL F89 251.5X139X0.75,SIEMENS,MF1002A";"PC";"AC.H2.09";"0"
"80002397";"SEAL S4 245X245X0.5,SIEMENS,MF1002A";"PC";"AC.H2.09";"0"
"80002399";"SEALING RING 411 ETATORM REFILL PUMP TOH";"PC";"R14.B1.04";"0"
"80002400";"SEAT GASKET AMAREX NF50-220-1";"SET";"R14.B1.03";"0"
"80002401";"SEAT RING HOLD AMAREX NF50-220-1";"PC";"R14.B2.04";"0"
"80002402";"SERVICE KIT 98298001-103 AIR COMP";"PC";"R04.B6.04";"0"
"80002403";"SERVICE KIT CYL. LUBE 111P45 NEA COMP";"SET";"R26.B5.01";"0"
"80002404";"SERVICE KIT WATER PUMP NEA COMP";"SET";"R26.B4.02";"0"
"80002405";"SET GASKET AMAREX NF50-220-2";"SET";"R14.B1.03";"0"
"80002409";"SHAFT ETNY 040-025-160";"PC";"R14.B3.02";"0"
"80002410";"SHAFT IMPELELR BRG SEAL 109PF1078B";"SET";"R07.B6.01";"0"
"80002411";"SHAFT IMPELLER BRG 109PF1050/16";"SET";"R07.B6.01";"0"
"80002412";"SHAFT IMPELLER BRG SEAL 109PF1001A";"SET";"R07.B6.01";"0"
"80002413";"SHAFT IMPELLER BRG SEAL 109PF1046/82";"SET";"R07.B6.01";"0"
"80002414";"SHAFT IMPELLER BRG SEAL 109PF1050/02A";"SET";"R07.B6.01";"0"
"80002415";"SHAFT IMPELLER BRG SEAL 109PF1078A";"SET";"R07.B6.01";"0"
"80002416";"SHAFT IMPELLER BRG SEAL 109PF1078C";"SET";"R07.B6.01";"0"
"80002417";"SHAFT IMPELLER BRG SEAL 109PF1082B";"SET";"R07.B6.01";"0"
"80002418";"SHAFT IMPELLER BRG SEAL 109PF1082C";"SET";"R07.B6.01";"0"
"80002419";"SHAFT IMPELLER BRG SEAL 109PF1082ST";"SET";"R07.B6.01";"0"
"80002420";"SHAFT POS 2100 PF1078D";"SET";"R07.B6.01";"0"
"80002421";"SHAFT PROTECT SLEEVE OMEGA300-560ASBGF";"SET";"R14.B3.02";"0"
"80002422";"SHAFT SEAL KIT CR/N32-150 109PF1078/16";"PC";"R08.B2.03";"0"
"80002423";"SHAFT SEAL RING INVCP32/160C-200";"PC";"R14.B1.03";"0"
"80002425";"SHAFT SEAL RING INVCP32/160C-500";"PC";"R14.B1.03";"0"
"80002426";"SHAFT SEAL RING INVCP32/160C-600";"PC";"R14.B1.03";"0"
"80002427";"SHAFT SEAL RING INVCP32/160C-700";"PC";"R14.B1.03";"0"
"80002428";"SHAFT SEAL RING INVCP40/160C-100";"PC";"R15.B4.01";"0"
"80002429";"SHAFT SEAL RING INVCP40/160C-300";"PC";"R14.B1.03";"0"
"80002430";"SHAFT SEAL RING INVCP40/160C-800";"PC";"R14.B1.03";"0"
"80002433";"I/O MODULE RTD MODEL AAR181-S50 YOKOGAWA";"PC";"AC.H2.31";"0"
"80002438";"SHAFT W/ KEY 1225P03A/B";"SET";"R14.B3.02";"0"
"80002439";"SHAFT W/KEY 1101P01A/B";"SET";"R27.B5.02";"0"
"80002440";"SHAFT W/KEY 1115P01A/B";"SET";"R27.B5.02";"0"
"80002441";"SHAFT W/KEY 1132P01";"SET";"R14.B3.02";"0"
"80002442";"SHAFT W/KEY 1145P01A/B";"SET";"R14.B3.02";"0"
"80002444";"SIDE ENTRY MIXER N5SE-75 NEUTRONE AG1105";"UN";"C 08";"0"
"80002445";"SIDE ENTRY MIXER N5SE-75 NEUTRONE AG1112";"UN";"FL 01";"0"
"80002446";"SIDE ENTRY MIXER N5SE-75 NEUTRONE AG1115";"UN";"C 08";"0"
"80002447";"SIDE ENTRY MIXER N5SE-75 NEUTRONE AG1147";"UN";"C 08";"0"
"80002448";"SIDE ENTRY MIXER N5SE-75 NEUTRONE AG1208";"UN";"FL 01";"0"
"80002449";"SIDE ENTRY MIXER N5SE-75 NEUTRONE AG1307";"UN";"C 08";"0"
"80002452";"SLEEVE L108913 POWER END 101P01/03";"PC";"R08.B3.02";"0"
"80002453";"SLEEVE L108961 POWER END 101P02";"PC";"R08.B4.03";"0"
"80002454";"SLEEVE OMEGA300-560ASBGF";"PC";"R14.B1.02";"0"
"80002458";"SHAFT BUSHING R40 PN.693007-115P01";"PC";"R18.B2.05";"0"
"80002462";"SOFT IRON GASKET (1-010-004515) NEA COMP";"PC";"R26.B6.03";"0"
"80002463";"SOFT IRON GASKET (1-010-004516) NEA COMP";"PC";"R26.B4.03";"0"
"80002464";"SOFT IRON GASKET (1-010-004517) NEA COMP";"PC";"R26.B4.03";"0"
"80002465";"SOFT IRON GASKET (1-010-004518) NEA COMP";"PC";"R26.B6.04";"0"
"80002466";"SOFT IRON GASKET (1-010-004520) NEA COMP";"PC";"R26.B6.04";"0"
"80002467";"SOFTSEAL";"SET";"R04.B4.03";"0"
"80002470";"SPACER GRID ID4/OD12X197 HAMON";"PC";"R17.B3.03";"0"
"80002472";"SPART KIT PNEUM COND. DRAIN VLV NEA COMP";"SET";"R26.B5.01";"0"
"80002473";"SPART KIT STRAINER C.WTR F600 NEA COMP";"SET";"R26.B5.02";"0"
"80002476";"SPARTKITS PROMINENT-BT4B0413PVT DOSING";"SET";"R03.B1.04";"0"
"80002477";"SPARTKITS PROMINENT-C04063PVT DOSING";"SET";"R03.B1.04";"0"
"80002478";"SPARTKITS PROMINENT-PSMA05200PPE DOSING";"SET";"R04.B4.02";"0"
"80002480";"SPARTKITS PROMINENT-VANNC07042PVT DOSING";"SET";"R03.B1.04";"0"
"80002486";"PT  0-25BAR PL2653";"PC";"AC.H2.09";"0"
"80002487";"STAR SIEVE OIL FILTR 111F40&F41 NEA COMP";"SET";"R26.B2.04";"0"
"80002488";"STRAINER MAKE UP F100 DRWG.C137-5026";"PC";"R26.B5.02";"0"
"80002489";"STRAINER RECYCLE F400 DRWG.C137-5039 NEA";"PC";"R26.B3.01";"0"
"80002490";"STUF BOX PKNG 3928 A1 021 00- ZZZ-111P05";"PC";"R10.B6.03";"0"
"80002491";"SUC DISC VLV NAOH HCL PUMP";"UN";"R03.B1.04";"0"
"80002492";"SUCT STRAINER IDN-08#150 MESH 109F1016A";"PC";"R04.B1.02";"0"
"80002493";"SUCT STRAINER MF-08-#100 MESH 109F1016A";"PC";"R04.B1.02";"0"
"80002494";"OIL FILTER MF-24#100 - 109F01";"PC";"R04.B1.02";"0"
"80002495";"SUCT VLV D213726.K VLV BLOCK 101P02";"PC";"R08.B4.02";"0"
"80002496";"SUCTION VALVE (D213726-K) 101P01/03";"PC";"R08.B3.02";"0"
"80002497";"SUCTION VALVE 2ND  S1-062-004417S";"PC";"R26.B3.03";"0"
"80002498";"IN.PART SUC.VLV 3RD (1-062-004419S) NEA";"PC";"R26.B3.03";"0"
"80002499";"SUCT.VALVE 4TH (1-062-004421) NEA COMP";"PC";"R26.B3.02";"0"
"80002500";"SUCT VLV GUID 316Z S8 123 000 K09-111P05";"PC";"R10.B4.02";"0"
"80002501";"SUC.VLV W/UNLOADR 2ND(1-062-004417)NEA";"PC";"R26.B1.02";"0"
"80002502";"SUCT VLV 3100 N0 001 L00 K09-111P05";"PC";"R10.B4.03";"0"
"80002503";"SUCT VLV PLUG 3100 N0 005 L00 K09-111P05";"PC";"R10.B1.02";"0"
"80002504";"SUCT.VALVE 1ST (4019/1-062-004415) NEA";"PC";"R26.B1.02";"0"
"80002505";"SUCT VLV SEAT 3100 N0 002 L00 K09-111P05";"PC";"R10.B4.03";"0"
"80002506";"DISC VLV SPRNG 3929 T5 043 000K22-111P05";"PC";"R10.B4.03";"0"
"80002507";"SUC.VLV W/UNLOADR 3RD(1-062-004419)NEA";"PC";"R26.B1.02";"0"
"80002509";"RING DL06,2/115X4,4 (E216921) 101P02";"PC";"R08.B4.03";"0"
"80002510";"TANK TOP RETURN LINE FILTER 109F1016A";"PC";"R04.B1.02";"0"
"80002513";"TBV125 BAL REPAIR KIT F190 PTFE";"UN";"R05.B1.03";"0"
"80002515";"THROWER 1101P01A/B";"PC";"R14.B3.05";"0"
"80002516";"THROWER 1110P01A/B";"PC";"R14.B3.05";"0"
"80002517";"THROWER 1115P01A/B";"PC";"R14.B3.05";"0"
"80002518";"THROWER 1133P01A/B";"PC";"R14.B3.05";"0"
"80002519";"THROWER 1147P01";"PC";"R14.B3.05";"0"
"80002520";"THROWER 1152P01";"PC";"R14.B3.05";"0"
"80002521";"THROWER 1225P03A/B";"PC";"R14.B3.05";"0"
"80002524";"TRUNNION BRG BUSH 8813-01-044 ROLLOMAT";"PC";"R18.B4.02";"0"
"80002525";"""VAC RELIEF VLV 2"""" KSPC""";"PC";"R09.B2.03";"0"
"80002526";"VACUUM CLEANER WET & DRY ATTIX 30-01 PC";"UN";"R20.B3.01";"0"
"80002527";"VENT PLUG 1101P01A/B";"PC";"R14.B3.05";"0"
"80002528";"VENT PLUG 1110P01A/B";"PC";"R14.B2.05";"0"
"80002529";"VENT PLUG 1115P01A/B";"PC";"R14.B2.05";"0"
"80002530";"VENT PLUG 1133P01A/B";"PC";"R14.B2.05";"0"
"80002531";"VENT PLUG 1145P02A/B";"PC";"R14.B2.05";"0"
"80002532";"VENT PLUG 1152P01";"PC";"R14.B2.05";"0"
"80002533";"VENT PLUG 1225P03A/B";"PC";"R14.B2.05";"0"
"80002535";"V-RING OMEGA300-560ASBGF";"SET";"R14.B1.03";"0"
"80002537";"WATER SPRAY NOZZLE 5165 KAISER";"PC";"R18.B2.04";"0"
"80002538";"WATER WIPER 10 SCRAP BLADE 2699 KAISER";"PC";"R18.B2.04";"0"
"80002539";"WEAR PARTS KIT CR64-3-8 109PF1078/16";"PC";"R08.B2.03";"0"
"80002540";"WEAR RING 502.01 ETATORM REFILL PUMP TOH";"PC";"R14.B2.04";"0"
"80002541";"WEAR RING 502.02 ETATORM REFILL PUMP TOH";"PC";"R14.B2.04";"0"
"80002542";"WEAR RING 502.1 INVCP32/160C-100";"PC";"R14.B2.04";"0"
"80002543";"WEAR RING 502.1 INVCP32/160C-400";"PC";"R14.B2.04";"0"
"80002544";"WEAR RING 502.1 INVCP40/160C-100";"PC";"R14.B2.04";"0"
"80002545";"WEAR RING 502.1 INVCP40/160C-300";"PC";"R14.B2.04";"0"
"80002546";"WEAR RING 502.1 INVCP40/160C-800";"PC";"R14.B2.04";"0"
"80002547";"WEAR RING 502.2 INVCO32/160C-400";"PC";"R14.B2.04";"0"
"80002548";"WEAR RING 502.2 INVCP32/160C-200";"PC";"R14.B2.04";"0"
"80002549";"WEAR RING 502.2 INVCP40/160C-100";"PC";"R14.B2.04";"0"
"80002550";"WEAR RING 502.2 INVCP40/160C-300";"PC";"R14.B2.04";"0"
"80002551";"WEAR RING 502.2 INVCP40/160C-800";"PC";"R14.B2.04";"0"
"80002556";"WIRE SS304 DIA2.5 HAMON";"M";"R17.B2.01";"0"
"80002560";"ABRASIVE GRINDING PASTE";"EA";"R29.B5.02";"0"
"80002561";"AIR FILTER ELEMENT 6211 474400 BOLAITE";"PC";"R04.B1.02";"0"
"80002569";"ANGLE BAR 25MM X 25MM X 3MM X 6M 304";"PC";"FL.05";"0"
"80002570";"ANGLE BAR 25MM X 25MM X 3MM X 6M 316L";"PC";"FL.05";"0"
"80002572";"ANGLE BAR 50MM X 50MM X 5MM X 6M 304";"PC";"FL 05";"0"
"80002577";"ARGON GAS";"BT";"TUBE 02";"0"
"80002578";"ASBESTOS ROPE 12MM";"KG";"R11.B4.01";"0"
"80002580";"BATTERY  ELECTROLITE HARD WATER";"BT";"Chem Storage";"0"
"80002581";"BATTERY AA";"EA";"R20.B5.04";"0"
"80002582";"BATTERY AAA";"EA";"R20.B5.04";"0"
"80002583";"BATTERY ELECTROLITE SOFT WATER";"BT";"Chem Storage";"0"
"80002584";"BELT DRESSING SPRAY";"CAN";"A5.31";"0"
"80002587";"BLIND RIVET 4MM";"EA";"R01.B5.02";"0"
"80002588";"BLIND RIVET 5MM";"EA";"A2.33";"0"
"80002591";"""Cartridge 2,5""""x30' 1 micron 1211F01C""";"UN";"OUT 01";"0"
"80002592";"""CARTRIDGE 2,5""""X40"""" 1MICRON 1219F01C""";"UN";"OUT 01";"0"
"80002593";"""Cartridge 2,5""""x30' 1micron 1220F01C""";"UN";"OUT 01";"0"
"80002594";"""Cartridge 2,5""""x30' 1micron 1306F02A""";"UN";"OUT 01";"0"
"80002595";"""Cartridge 2,5""""x30' 1micron 1308F01C""";"UN";"OUT 01";"0"
"80002596";"""Cartridge 2,5""""x40' 1 micron 1201F02A/B""";"UN";"OUT 01";"0"
"80002597";"""SWING CH.VALVE 3"""" CL300 FERF WCB""";"PC";"R21.B2.01";"0"
"80002599";"""CLAMP HOSE SS 1/2""""""";"EA";"R29.B6.03";"0"
"80002600";"""CLAMP HOSE SS 3/4""""""";"EA";"R29.B6.03";"0"
"80002601";"""CLAMP HOSE SS 3/8""""""";"EA";"R29.B6.03";"0"
"80002602";"CNP-CHANNEL 100 X 50 X 20 X 2.3 X 6M MS";"PC";"Laydown";"0"
"80002612";"""CON REDCR 4"""" X 2-1/2"""" SCH10 SS304L""";"PC";"A8.17";"0"
"80002613";"""CON. REDUCER 5"""" X 3"""" SCH10 SS316L""";"PC";"A2.10";"0"
"80002616";"CUTTING COOLANT BROMUS F713@5L/PAIL";"PAA";"Chem Storage";"0"
"80002622";"COUPLING N-EUPEX H80 FLENDER";"EA";"R09.B4.01";"0"
"80002623";"COUPLING N-EUPEX H110 FLENDER";"SET";"R09.B4.01";"0"
"80002624";"COUPLING N-EUPEX H160 FLENDER";"EA";"R09.B5.01";"0"
"80002625";"COUPLING N-EUPEX H180 FLENDER";"SET";"R09.B4.01";"0"
"80002626";"ELEMENT COUPLING N-EUPEX H80";"SET";"R09.B5.03";"0"
"80002627";"COUPLING N-EUPEX H95 FLENDER";"SET";"R09.B4.01";"0"
"80002630";"""CUTTING  WHEEL 4""""""";"PC";"R29.B5.02";"0"
"80002631";"""CUTTING WHEEL 14""""""";"PC";"R29.B5.01";"0"
"80002632";"""CUTTING WHEEL 7""""""";"PC";"R29.B5.01";"0"
"80002633";"DEXTONE EPOXY ADHESIVES";"PC";"A5.03";"0"
"80002636";"DG CAT AIR FLTR ELEMENT AIR PRIMARY";"PC";"R04.B4.06";"0"
"80002642";"DG CAT PRIMARY FUEL FLTR 438-5385";"PC";"R04.B4.05";"0"
"80002643";"DG CAT SCA 217-0616 1LTR";"CAN";"RECEIVING";"0"
"80002646";"DG SCOUN BATTERY NEGATIVE";"PC";"R29.B5.03";"0"
"80002647";"DG SCOUN BATTERY POSITIVE";"PC";"R29.B5.03";"0"
"80002648";"DRILL BIT HSS 14MM";"PC";"R11.B3.03";"0"
"80002649";"DRILL BIT HSS 15MM";"PC";"R11.B3.03";"0"
"80002650";"DRILL BIT HSS 16MM";"PC";"R11.B3.03";"0"
"80002651";"DRILL BIT HSS 17MM";"PC";"R11.B3.03";"0"
"80002652";"DRILL BIT HSS 18MM";"PC";"R11.B3.03";"0"
"80002653";"DRILL BIT HSS 19MM";"PC";"R11.B3.03";"0"
"80002654";"DRILL BIT HSS 20MM";"PC";"R11.B3.04";"0"
"80002655";"DRILL BIT HSS 21MM";"PC";"R11.B3.04";"0"
"80002656";"DRILL BIT HSS 22MM";"PC";"R11.B3.04";"0"
"80002657";"DRILL BIT HSS 24MM";"PC";"R11.B3.04";"0"
"80002658";"DRILL BIT HSS 26MM";"PC";"R11.B3.04";"0"
"80002659";"DRILL BIT HSS 28MM";"PC";"R11.B3.03";"0"
"80002660";"DRILL BIT HSS 30MM";"PC";"R11.B3.03";"0"
"80002661";"DRILL BIT HSS 35MM";"PC";"R11.B3.04";"0"
"80002662";"DRILL BIT HSS 40MM";"PC";"R11.B3.04";"0"
"80002663";"DRILL BIT HSS 45MM";"PC";"R11.B3.04";"0"
"80002664";"DRILL BIT HSS 50MM";"PC";"R11.B3.04";"0"
"80002665";"DRILL BIT SET HSS 1-13MM";"SET";"R11.B3.03";"0"
"80002671";"""ELBOW 90° LR 3"""" SCH10 BW SS304L""";"PC";"A9.21";"0"
"80002673";"ELEC ROD GTAW A105 3.2MM";"KG";"R29.B2.02";"0"
"80002674";"ELEC ROD GTAW B106 3.2MM";"KG";"R29.B2.02";"0"
"80002675";"ELEC ROD GTAW SS2209 3.2MM";"KG";"R29.B4.01";"0"
"80002676";"ELEC ROD GTAW SS309L 3.2MM";"KG";"R29.B4.01";"0"
"80002677";"ELEC ROD GTAW SS316L 3.2MM";"KG";"R29.B4.02";"0"
"80002678";"ELEC ROD GTAW SS317L 3.2MM";"KG";"R29.B3.01";"0"
"80002679";"ELEMENT COUPLING HRC 110F 1610";"EA";"R09.B3.03";"0"
"80002680";"ELEMENT COUPLING HRC 70F 1008";"EA";"R09.B3.03";"0"
"80002681";"ELEMENT DISC COUPLING DS G100";"SET";"R09.B1.03";"0"
"80002682";"ELEMENT FLTR AIR DRIER A SERI DS5-018F";"EA";"R04.B3.02";"0"
"80002683";"ELEMENT FLTR AIR DRIER C SERI DS9-018F";"EA";"R04.B3.02";"0"
"80002684";"ELEMENT FLTR AIR DRIER T SERI DS7-018F";"EA";"R04.B3.02";"0"
"80002686";"END MILL HSS  14MM";"PC";"R11.B3.03";"0"
"80002687";"END MILL HSS 10MM";"PC";"R11.B4.03";"0"
"80002688";"END MILL HSS 11MM";"PC";"R11.B4.03";"0"
"80002689";"END MILL HSS 12MM";"PC";"R11.B4.03";"0"
"80002690";"END MILL HSS 16MM";"PC";"R11.B4.03";"0"
"80002691";"END MILL HSS 18MM";"PC";"R11.B3.03";"0"
"80002692";"END MILL HSS 20MM";"PC";"R11.B4.03";"0"
"80002693";"END MILL HSS 4MM";"PC";"R11.B4.03";"0"
"80002694";"END MILL HSS 5MM";"PC";"R11.B4.03";"0"
"80002695";"END MILL HSS 6MM";"PC";"R11.B4.03";"0"
"80002696";"END MILL HSS 7MM";"PC";"R11.B3.03";"0"
"80002697";"END MILL HSS 8MM";"PC";"R11.B4.03";"0"
"80002698";"END MILL HSS 9MM";"PC";"R11.B4.03";"0"
"80002702";"""WNRF FLANGE 2"""" CL150 A182 SS316L""";"PC";"A8.03";"0"
"80002704";"""FLANGE SORF 10"""" CL150 316L B16.5""";"EA";"R30.B4.01";"0"
"80002706";"""SORF FLANGE4"""" CL150 SS316L""";"EA";"A9.07";"0"
"80002707";"""SO FLANGE 5"""" RF CL150 SS316L""";"EA";"A9.07";"0"
"80002722";"FLASHBACK ARRESTER LPG";"EA";"R11.B2.02";"0"
"80002723";"FLASHBACK ARRESTER OXYGEN";"EA";"R11.B2.02";"0"
"80002727";"GASKET KLINGERIT WIRE C1000 1200x1200x3";"SHT";"R16.B2.01";"0"
"80002728";"GASKET KLINGERIT WIRE C1000 1200x1200x5";"SHT";"R16.B4.01";"0"
"80002729";"GASKET NON ASBESTOS 1x1524x3810";"SHT";"R16.B4.01";"0"
"80002732";"GASKET RUBBER 10x1270x1270";"SHT";"R29.B6.03";"0"
"80002733";"GASKET RUBBER 3x1270x1270";"SHT";"R16.B1.01";"0"
"80002734";"GASKET RUBBER 5x1270x1270";"SHT";"R16.B3.01";"0"
"80002735";"GASKET TOMBO-1000 3x1270x1270";"SHT";"R16.B4.01";"0"
"80002736";"GASKET TOMBO-1000 5x1270x1270";"SHT";"R16.B4.01";"0"
"80002737";"""GT.VALVE 1"""" CL800 SW A105""";"PC";"A6.14";"0"
"80002739";"""GT. VALVE 1-1/2"""" CL800  SW SS304L""";"PC";"A7.13";"0"
"80002742";"""GT.VALVE 2"""" CL300 FE WCB""";"EA";"R21.B5.01";"0"
"80002744";"""GT.VALVE 3"""" CL150 13CR FE WCB""";"PC";"A7.10";"0"
"80002746";"""GT.VALVE 3"""" CL300 FE WCB""";"EA";"R21.B5.01";"0"
"80002750";"GLAND PACKING 10MM GRAPHITE";"ROL";"R11.B2.01";"0"
"80002751";"GLAND PACKING 10MM TEFLON";"ROL";"R11.B2.01";"0"
"80002752";"GLAND PACKING 12MM GRAPHITE";"ROL";"R11.B4.01";"0"
"80002753";"GLAND PACKING 12MM TEFLON";"ROL";"R11.B4.01";"0"
"80002754";"GLAND PACKING 3MM GRAPHITE";"ROL";"R11.B3.01";"0"
"80002755";"GLAND PACKING 3MM TEFLON";"ROL";"R11.B3.01";"0"
"80002756";"GLAND PACKING 4MM GRAPHITE";"ROL";"R11.B3.01";"0"
"80002757";"GLAND PACKING 4MM TEFLON";"ROL";"R11.B3.01";"0"
"80002758";"GLAND PACKING 6MM GRAPHITE";"ROL";"R11.B4.01";"0"
"80002759";"GLAND PACKING 6MM TEFLON";"ROL";"R11.B4.01";"0"
"80002760";"GLAND PACKING 8MM GRAPHITE";"ROL";"R11.B3.01";"0"
"80002761";"GLAND PACKING 8MM TEFLON";"ROL";"R11.B4.01";"0"
"80002767";"GREASE GADUS S3 V220C 2";"PAA";"Chem Storage";"0"
"80002768";"GREASE HIGH TEMP GADUS S5 T1002";"PAI";"Chem Storage";"0"
"80002769";"GREASE ROLYEX EM SULLAIR";"PAI";"R04.B3.04";"0"
"80002770";"""GRINDING WHEEL 4""""""";"PC";"R29.B5.02";"0"
"80002771";"""GRINDING WHEEL 7""""""";"PC";"R29.B5.01";"0"
"80002772";"HAND WIRE BRUSH BRONZE";"PC";"A7.26";"0"
"80002773";"HAND WIRE BRUSH MILD STEEL";"PC";"A7.26";"0"
"80002774";"HARDWARE 16CHNL IN,8CHNL OUT";"SET";"AC.H2.13";"0"
"80002775";"H-BEAM 100 X 100 X 6 X 8MM  X 12M MS";"M";"BEHIND WH";"0"
"80002777";"H-BEAM 150 X 150 X 7 X 10MM  X 12M MS";"M";"BEHIND WH";"0"
"80002779";"H-BEAM 200 X 200 X 8 X 12MM  X 12M MS";"M";"BEHIND WH";"0"
"80002781";"H-BEAM 300 X 300 X 10 X 15MM  X 12M MS";"PC";"Laydown";"0"
"80002784";"HEX SAW BIG";"EA";"R29.B6.04";"0"
"80002785";"HEX SAW SMALL";"EA";"R29.B6.03";"0"
"80002786";"""HOSE OXY/ACY 3/8""""""";"M";"R23.B5.02";"0"
"80002789";"LOCTITE 410";"PC";"AC.F1.07";"0"
"80002792";"LUBE OIL ISO VG 150";"DR";"Chem Storage";"0"
"80002793";"LUBE OIL ISO VG 46";"DR";"Chem Storage";"0"
"80002795";"LUBE OIL S4 GX 220 OMALA SHELL";"DR";"Chem Storage";"0"
"80002796";"LUBE OIL SAE 10";"L";"Chem Storage";"0"
"80002797";"LUBE OIL SAE 15W-40";"L";"Chem Storage";"0"
"80002798";"LUBE OIL SAE 85W-90";"DR";"Chem Storage";"0"
"80002799";"LUBE OIL TELLUS 32 SHELL";"DR";"Chem Storage";"0"
"80002801";"MOLYKOTE";"EA";"A5.03";"0"
"80002802";"MS PLATE 10MM X 1200 X 2400";"SHT";"DEPAN.WH";"0"
"80002803";"MS plate  12mmx1200x2400mm";"SHT";"DEPAN.WH";"0"
"80002804";"MS plate  20mmx1200x2400mm";"SHT";"DEPAN.WH";"0"
"80002805";"MS plate  6mmx1200x2400mm";"SHT";"Laydown";"0"
"80002806";"MS plate  8mmx1200x2400mm";"SHT";"DEPAN.WH";"0"
"80002808";"NOZZLE ARGON WELDING 2.5MM";"PC";"R29.B5.03";"0"
"80002810";"NOZZLE CUTTING TORCH NO.2";"PC";"R29.B3.03";"0"
"80002811";"NOZZLE CUTTING TORCH NO.3";"PC";"R29.B3.03";"0"
"80002812";"""NYLON HOSE 3/4"""" 50M""";"ROL";"R17.B6.01";"0"
"80002814";"OIL FLTR LY15/25";"PC";"R33.B2.02";"0"
"80002815";"OIL FLTR LY38/25";"PC";"R33.B1.01";"0"
"80002817";"O-RING 190X5.7 VITON";"PC";"R04.B6.03";"0"
"80002818";"ORING 235X5.7 VITON";"PC";"R06.B3.03";"0"
"80002819";"O-RING 3MM VITON";"M";"R06.B3.03";"0"
"80002820";"O-RING 4MM VITON";"M";"R06.B3.03";"0"
"80002821";"O-RING 5MM VITON";"M";"R06.B3.03";"0"
"80002822";"O-RING 7MM VITON";"M";"R06.B3.03";"0"
"80002823";"OXYGEN GAS";"BT";"TUBE 02";"0"
"80002825";"""PIPE 1"""" SCH10 BW 6M SS316L""";"PC";"C 12";"0"
"80002830";"""PIPE 1"""" SCH40 SMLS 6M A106 CS""";"PC";"LAYDOWN";"0"
"80002831";"""PIPE 1"""" SCH40 BW 6M SS304L""";"PC";"C54";"0"
"80002838";"""PIPE 1/2"""" SCH10 BW 6M SS304L""";"PC";"FL.05";"0"
"80002840";"""PIPE 1/2"""" SCH10 BW 6M SS317L""";"PC";"C66";"0"
"80002844";"""PIPE 1/2"""" SCH40 SMLS 6M A106 CS""";"PC";"LAYDOWN";"0"
"80002848";"""PIPE 1/2"""" SCH80 SMLS 6M A106 CS""";"M";"C 09";"0"
"80002885";"""PIPE 12"""" SCH40 SMLS 6M A106 CS""";"PC";"BEHIND WH";"0"
"80002919";"""PIPE 2"""" SCH10 SMLS 6M SS304L""";"PC";"Laydown";"0"
"80002927";"""PIPE 2"""" SCH40 BW 6M SS316L""";"PC";"Laydown";"0"
"80002934";"""PIPE 2-1/2"""" SCH10 BW 6M SS316L""";"PC";"Laydown";"0"
"80002947";"""PIPE 3"""" SCH10 SMLS 6M SS304L""";"PC";"LAYDOWN";"0"
"80002962";"""PIPE 4"""" SCH10 BW 6M SS316L""";"PC";"Tracon";"0"
"80002968";"""PIPE 4"""" SCH40 BW 6M SS304L""";"PC";"C54";"0"
"80002976";"""PIPE 5"""" SCH10 BW 6M SS316L""";"PC";"Tracon";"0"
"80002990";"""PIPE 6"""" SCH10 BW 6M SS304L""";"PC";"Tracon";"0"
"80005385";"""SORF FLANGE 14"""" CL150 A105""";"PC";"C 09";"0"
"80005390";"""SORF FLANGE 20"""" CL150 A105""";"PC";"C 09";"0"
"80005524";"""PIPE 1"""" SCH80 6M A106 CS""";"PC";"C 09";"0"
"80008854";"""STUD BOLT 1/2"""" X 2"""" C/W 2NUT HDG""";"PC";"C 12";"0"
"80008859";"""STUD BOLT 5/8"""" X 3"""" C/W 2NUT HDG""";"PC";"C 12";"0"
"80011111";"MICR C.FLOWMETER C/W TRANSMTR FT-12258";"PC";"C 10";"0"
"80011228";"TEIKOKU PUMP MDL DA91-316J4BM-0405T1Q-B";"UN";"C 08";"0"
"80012120";"ROUND BAR 10MM X 12M";"PC";"C 12";"0"
"80012503";"MOTOR ABB 75KW M3JP 280SMA 4, 400V EX";"PC";"C 08";"0"
"80012771";"""PIPE 3/4"""" SCH10 6M SS316L""";"PC";"C 12";"0"
"80012792";"""ELBOW 90° 2"""" SCH40 SS316L""";"PC";"A8.27/C 46";"0"
"80013029";"TRAY CABLE 100MMX100MM C/W COVER LEGRAND";"PC";"C 05";"0"
"80013030";"""ELECTRICAL METALIC CONDUIT CABLE 3/4""""""";"PC";"C 05";"0"
"80013031";"""ELECTRICAL METALIC CONDUIT CABLE 1/2""""""";"PC";"C 05";"0"
"80013981";"ISOLITE 1400 CERAMIC FIBER  THICK:25MM";"ROL";"C 0";"0"
"80014516";"GL.VALVE DN150 PN40 BW WTA 11.3 Y - CS";"PC";"C 08";"0"
"80015891";"HOLLOW SQUARE 50 X 50 X 2.5MM X 6M SS304";"PC";"C 12";"0"
"80015892";"UNP 100 X 50 X 4MM X 6M SS304(BENDINGAN)";"PC";"C 12";"0"
"80016711";"PLATE STRIP 60MM X 5MM X 1M SS904L";"SHT";"C 12";"0"
"80016712";"PLATE STRIP 90MM X 4MM X1M SS904L";"SHT";"C 12";"0"
"80017162";"ROCWOOL BLANKET 50MM x 600MM X 5000MM";"ROL";"C 0";"0"
"80017418";"""SWRF FLANGE 4"""" CL150 CS""";"PC";"C 09";"0"
"80017462";"SUPPORT-CHANNEL-100x50x5mm-CS-ASTM.A36";"PC";"C 09";"0"
"80017464";"""VALVE-GATE-F/E-2""""-#150-CS""";"PC";"C 09";"0"
"80017477";"""VALVE-BALL-SW-1/4""""-SS304L""";"PC";"C 09";"0"
"80017483";"""VALVE-BUTTERFLY-F/E-3""""-#150-SS304""";"PC";"C 09";"0"
"80017485";"""VALVE-Y.STRAINER-F/E-3""""-#150-SS304""";"PC";"C 09";"0"
"80017486";"""VALVE-Y.STRAINER-F/E-6""""-#150-SS304""";"PC";"C 09";"0"
"80017704";"""SORF FLANGE 3/4"""" CL150 A105 CS""";"PC";"A9.05/C 09";"0"
"80017879";"""NORMAL TEE 14"""" SCH20 BW A234""";"PC";"C 09";"0"
"80017880";"""ECC.REDUCER 20"""" X 14"""" SCH20 BW A234""";"PC";"C 09";"0"
"80018063";"PALL RING Ø40MM SS1,4435/SS316L - 105V06";"PC";"C 10";"0"
"80018268";"""PIPE 1"""" SCH20 SMLS 6M SS304L""";"PC";"C 09";"0"
"80018348";"""PIPE 1/2"""" SCH20 SMLS 6M SS316L""";"PC";"C 09";"0"
"80018349";"""PIPE 2"""" SCH20 SMLS 6M SS316L""";"PC";"C 09";"0"
"id_supplier";"nama_supplier";"notelp";"alamat"
"SPLY-0001";"Radhian Sobarna";"087817379229";"Sumedang"
"SPLY-0002";"Heri Perdiansyah";"089829128118";"Sumedang"
"SPLY-0003";"Widi Priansyah";"089876261556";"Sumedang"
"id_user";"nama";"username";"email";"nip";"level";"password";"foto";"status"
"USR-0-4";"Kevin GGS";"kevin";"kevindarkbatman@gmail.com";"123231";"member";"cc03e747a6afbbcbf8be7668acfebee5";"user.png";"Aktif"
"USR-002";"Aldo";"aldo";"Aldogantengsmriwing@gmail.com";"123456789";"member";"cc03e747a6afbbcbf8be7668acfebee5";"9200fa2ecff5393eb65f01cd3c686689.jpg";"Aktif"
"USR-004";"capybara";"capybara";"test@gmail.com";"1232123";"kepala gudang";"cc03e747a6afbbcbf8be7668acfebee5";"capybara1.jpg";"Aktif"
"USR-05";"Edi";"edi";"edigaul@gmail.com";"123321";"admin";"cc03e747a6afbbcbf8be7668acfebee5";"user.png";"Aktif"
